fcr_30d,qa_score,aht_secs,compliance_risk,repeat_contact_rate,burnout_index,resilience_index,volatility_index,productivity_index,escalation_rate,strain_tier,strain_score,gaming_propensity,patience,empathy,rep_id,condition
0.687,0.6194,556.08,0.2938,0.2353,0.4934,0.9165,0.6691,0.6516,0.0543,medium,0.5094,0.1439,0.6314,0.5185,BAS-REP0001,baseline
0.7186,0.613,577.98,0.3246,0.2837,0.475,0.8456,0.5884,0.6089,0.0659,medium,0.502,0.0644,0.403,0.51,BAS-REP0002,baseline
0.64,0.5836,524.92,0.3353,0.2106,0.4437,0.936,0.5208,0.5466,0.091,medium,0.4895,0.0974,0.6056,0.5785,BAS-REP0003,baseline
0.6881,0.64,539.32,0.3688,0.2259,0.526,0.7102,0.7017,0.6211,0.1204,medium,0.5224,0.1527,0.5441,0.4979,BAS-REP0004,baseline
0.6849,0.6569,478.08,0.2075,0.2018,0.2184,1.0,0.3657,0.7117,0.0908,medium,0.3994,0.0,0.4079,0.6174,BAS-REP0005,baseline
0.6762,0.587,525.35,0.3184,0.2453,0.3924,0.8679,0.5727,0.5806,0.1586,medium,0.469,0.057,0.5833,0.5396,BAS-REP0006,baseline
0.599,0.6929,495.22,0.2575,0.3596,0.3324,0.9831,0.4877,0.684,0.065,medium,0.4449,0.019,0.5079,0.4569,BAS-REP0007,baseline
0.6259,0.6602,611.17,0.3402,0.3822,0.6417,0.5907,0.5287,0.5725,0.099,high,0.5687,0.2123,0.406,0.4583,BAS-REP0008,baseline
0.7273,0.6437,497.68,0.3641,0.2539,0.4852,0.9124,0.1772,0.6127,0.1937,medium,0.5061,0.1291,0.5186,0.5317,BAS-REP0009,baseline
0.5748,0.5866,565.76,0.4167,0.2601,0.5446,0.8016,0.4912,0.5516,0.1367,medium,0.5299,0.1521,0.3585,0.5808,BAS-REP0010,baseline
0.7618,0.5913,551.01,0.3244,0.2488,0.4986,0.858,0.6132,0.668,0.0855,medium,0.5115,0.1546,0.4735,0.4416,BAS-REP0011,baseline
0.7553,0.6164,528.98,0.1964,0.2322,0.3254,1.0,0.3818,0.6601,0.0769,medium,0.4422,0.0,0.6015,0.49,BAS-REP0012,baseline
0.6975,0.5836,585.21,0.3092,0.2688,0.4262,0.9368,0.377,0.6018,0.1847,medium,0.4825,0.1322,0.479,0.4848,BAS-REP0013,baseline
0.5496,0.6292,508.07,0.3057,0.3857,0.4202,0.9451,0.3848,0.5501,0.0632,medium,0.4801,0.126,0.4336,0.5284,BAS-REP0014,baseline
0.7643,0.6251,535.44,0.4134,0.1912,0.4772,0.8164,0.3921,0.6976,0.0732,medium,0.5029,0.1538,0.5802,0.4281,BAS-REP0015,baseline
0.7046,0.5772,535.98,0.4096,0.2506,0.3638,0.9246,0.5376,0.633,0.1387,medium,0.4575,0.0351,0.547,0.5401,BAS-REP0016,baseline
0.7259,0.6881,541.85,0.2978,0.2158,0.3359,0.8479,0.6308,0.7458,0.0505,medium,0.4464,0.0,0.4274,0.6099,BAS-REP0017,baseline
0.6886,0.4947,548.96,0.3573,0.2505,0.4348,0.9857,0.3831,0.6468,0.1327,medium,0.4859,0.1239,0.386,0.5185,BAS-REP0018,baseline
0.7505,0.8039,522.9,0.2425,0.2419,0.4302,0.9586,0.5131,0.6888,0.1539,medium,0.4841,0.1266,0.5171,0.514,BAS-REP0019,baseline
0.657,0.6361,530.39,0.2395,0.3041,0.4216,0.9357,0.4963,0.641,0.0378,medium,0.4806,0.1379,0.5381,0.5252,BAS-REP0020,baseline
0.7386,0.7701,525.56,0.2925,0.2302,0.4897,0.7459,0.5365,0.6659,0.0936,medium,0.5079,0.1679,0.4787,0.524,BAS-REP0021,baseline
0.6188,0.5979,526.8,0.2999,0.2622,0.4398,0.8473,0.7572,0.6295,0.0824,medium,0.4879,0.1205,0.5688,0.4639,BAS-REP0022,baseline
0.7401,0.6221,477.58,0.3659,0.2565,0.2881,0.996,0.2451,0.7772,0.1054,medium,0.4272,0.0,0.5395,0.5637,BAS-REP0023,baseline
0.7171,0.6613,502.19,0.187,0.3371,0.3058,1.0,0.49,0.6572,0.0496,medium,0.4343,0.058,0.4468,0.4479,BAS-REP0024,baseline
0.6997,0.6157,564.16,0.4108,0.2638,0.5496,0.9593,0.9235,0.5574,0.0652,medium,0.5318,0.1598,0.4871,0.6278,BAS-REP0025,baseline
0.7132,0.634,534.73,0.3075,0.3381,0.3959,0.9381,0.4373,0.6551,0.1045,medium,0.4704,0.0704,0.5459,0.5899,BAS-REP0026,baseline
0.7117,0.574,584.86,0.4117,0.2971,0.4156,0.8818,0.5564,0.5875,0.2339,medium,0.4782,0.1011,0.4358,0.6049,BAS-REP0027,baseline
0.7547,0.6887,503.11,0.3351,0.2134,0.3284,1.0,0.4812,0.6695,0.0935,medium,0.4434,0.0,0.3405,0.6519,BAS-REP0028,baseline
0.7283,0.5497,599.44,0.2923,0.2335,0.5345,0.7849,0.6772,0.5421,0.1739,medium,0.5258,0.21,0.4889,0.4773,BAS-REP0029,baseline
0.8381,0.7234,520.25,0.2949,0.1201,0.3696,0.8871,0.2714,0.7349,0.1326,medium,0.4598,0.0042,0.5938,0.5148,BAS-REP0030,baseline
0.7937,0.6732,583.9,0.2744,0.2119,0.4847,0.6976,0.497,0.7183,0.0159,medium,0.5059,0.085,0.5656,0.6141,BAS-REP0031,baseline
0.576,0.6342,516.04,0.3474,0.3746,0.4772,0.6061,0.3773,0.577,0.0878,medium,0.5029,0.1816,0.4565,0.5313,BAS-REP0032,baseline
0.6981,0.7805,470.09,0.1593,0.3102,0.1974,1.0,0.3673,0.7023,0.0417,medium,0.391,0.0,0.4015,0.5278,BAS-REP0033,baseline
0.6757,0.6248,527.86,0.3274,0.2714,0.4549,0.9139,0.6389,0.5566,0.171,medium,0.494,0.1275,0.586,0.2797,BAS-REP0034,baseline
0.5787,0.7034,555.53,0.3744,0.3568,0.4685,0.9869,0.5259,0.5618,0.0604,medium,0.4994,0.1143,0.5923,0.5291,BAS-REP0035,baseline
0.7014,0.5564,526.23,0.3116,0.3334,0.3494,0.8811,0.4632,0.6437,0.1305,medium,0.4517,0.0119,0.5146,0.5449,BAS-REP0036,baseline
0.6919,0.5659,512.76,0.3217,0.1802,0.3467,0.8712,0.513,0.7058,0.1292,medium,0.4507,0.0,0.3373,0.4452,BAS-REP0037,baseline
0.6463,0.6279,573.34,0.2283,0.3153,0.4284,0.8638,0.4806,0.6235,0.0453,medium,0.4834,0.0941,0.4842,0.4374,BAS-REP0038,baseline
0.6687,0.5863,592.94,0.4279,0.2651,0.5541,0.6705,0.5028,0.5764,0.1094,medium,0.5336,0.1929,0.5146,0.4696,BAS-REP0039,baseline
0.6083,0.5916,573.92,0.3904,0.3503,0.5883,0.6797,0.7031,0.6065,0.1255,medium,0.5473,0.2455,0.4273,0.5451,BAS-REP0040,baseline
0.734,0.5414,565.82,0.3995,0.2379,0.5106,0.765,0.4574,0.6238,0.1948,medium,0.5163,0.1227,0.3481,0.5345,BAS-REP0041,baseline
0.6864,0.5894,530.57,0.2722,0.2687,0.3877,0.8891,0.2147,0.6549,0.0841,medium,0.4671,0.0805,0.5136,0.4567,BAS-REP0042,baseline
0.7229,0.6168,578.47,0.4401,0.2202,0.5077,0.7825,0.5456,0.6644,0.2076,medium,0.5151,0.0558,0.5297,0.6059,BAS-REP0043,baseline
0.6447,0.4302,557.75,0.3669,0.2329,0.4918,0.7506,0.4763,0.5061,0.1043,medium,0.5087,0.1263,0.6751,0.498,BAS-REP0044,baseline
0.6481,0.5367,505.12,0.3274,0.3898,0.3887,1.0,0.3561,0.5405,0.0417,medium,0.4675,0.1202,0.4453,0.5341,BAS-REP0045,baseline
0.7795,0.6651,456.77,0.0626,0.196,0.2081,0.976,0.3713,0.81,0.1162,medium,0.3952,0.0,0.4107,0.4792,BAS-REP0046,baseline
0.5765,0.7023,499.88,0.3183,0.2632,0.4455,0.8358,0.219,0.6606,0.2102,medium,0.4902,0.0599,0.6021,0.4794,BAS-REP0047,baseline
0.6429,0.5704,512.56,0.3237,0.2375,0.4575,0.8427,0.5061,0.5133,0.1207,medium,0.495,0.1318,0.4804,0.4177,BAS-REP0048,baseline
0.6243,0.4993,565.61,0.4643,0.3435,0.563,0.9063,0.5752,0.5791,0.1642,medium,0.5372,0.1748,0.3679,0.561,BAS-REP0049,baseline
0.6678,0.6315,518.02,0.2777,0.2947,0.4052,0.9458,0.5695,0.6148,0.0978,medium,0.4741,0.03,0.4653,0.5096,BAS-REP0050,baseline
0.6594,0.6584,574.96,0.4059,0.2723,0.5203,0.6787,0.5104,0.6664,0.1371,medium,0.5201,0.1551,0.4359,0.5382,BAS-REP0051,baseline
0.8043,0.7605,525.18,0.2736,0.181,0.4021,0.8821,0.615,0.7326,0.0693,medium,0.4728,0.0543,0.5713,0.5279,BAS-REP0052,baseline
0.6529,0.6777,564.33,0.3495,0.2456,0.4451,0.8246,0.5909,0.6007,0.1619,medium,0.49,0.1581,0.4934,0.4759,BAS-REP0053,baseline
0.6626,0.6171,534.66,0.3493,0.33,0.4319,0.9334,0.6057,0.6468,0.1988,medium,0.4847,0.0325,0.4299,0.6053,BAS-REP0054,baseline
0.7034,0.6434,497.71,0.3744,0.1949,0.4587,0.9087,0.5433,0.6104,0.1825,medium,0.4955,0.1233,0.5351,0.5593,BAS-REP0055,baseline
0.7417,0.7185,531.96,0.3641,0.2111,0.4268,0.9642,0.469,0.7466,0.0979,medium,0.4827,0.037,0.5649,0.4656,BAS-REP0056,baseline
0.6496,0.6952,535.26,0.294,0.2654,0.4525,0.7888,0.3426,0.6213,0.0641,medium,0.493,0.0659,0.4512,0.6161,BAS-REP0057,baseline
0.6643,0.6117,542.43,0.3817,0.2467,0.4844,0.9535,0.6664,0.67,0.0521,medium,0.5058,0.198,0.5546,0.3355,BAS-REP0058,baseline
0.61,0.6276,546.34,0.4645,0.2881,0.5464,0.87,0.5342,0.5135,0.1002,medium,0.5306,0.1037,0.5631,0.5613,BAS-REP0059,baseline
0.6632,0.6842,518.71,0.2264,0.3247,0.385,1.0,0.536,0.6694,0.1313,medium,0.466,0.1227,0.5194,0.5466,BAS-REP0060,baseline
0.7344,0.6053,579.8,0.3776,0.1848,0.3839,0.8817,0.4705,0.6417,0.0516,medium,0.4655,0.0727,0.4693,0.5644,BAS-REP0061,baseline
0.7016,0.6189,519.79,0.2639,0.2799,0.2551,1.0,0.337,0.709,0.1148,medium,0.414,0.0,0.5729,0.5808,BAS-REP0062,baseline
0.5685,0.5544,590.85,0.2817,0.3355,0.4642,0.7294,0.4909,0.5618,0.1811,medium,0.4977,0.1707,0.5598,0.4658,BAS-REP0063,baseline
0.7847,0.6334,510.86,0.2604,0.2344,0.4187,0.8075,0.3955,0.6683,0.0245,medium,0.4795,0.1126,0.4375,0.5034,BAS-REP0064,baseline
0.6355,0.5691,555.68,0.3624,0.2882,0.5089,0.8324,0.5495,0.5456,0.2239,medium,0.5156,0.1533,0.3877,0.4613,BAS-REP0065,baseline
0.6774,0.5789,561.97,0.3307,0.2306,0.2994,0.9887,0.3505,0.6111,0.1578,medium,0.4317,0.0,0.4999,0.5329,BAS-REP0066,baseline
0.5954,0.734,514.73,0.3747,0.2932,0.4862,0.713,0.6976,0.6296,0.0915,medium,0.5065,0.2027,0.5368,0.4225,BAS-REP0067,baseline
0.7119,0.7956,502.25,0.3089,0.2717,0.4127,1.0,0.5645,0.7244,0.041,medium,0.4771,0.0884,0.5707,0.5962,BAS-REP0068,baseline
0.6939,0.602,564.04,0.4066,0.1977,0.4879,0.9354,0.5443,0.6179,0.1472,medium,0.5072,0.1832,0.4582,0.3051,BAS-REP0069,baseline
0.6704,0.5808,598.11,0.3419,0.2538,0.5858,0.6472,0.7525,0.6065,0.1569,medium,0.5463,0.2161,0.5572,0.5732,BAS-REP0070,baseline
0.7415,0.6957,542.3,0.3014,0.2234,0.4229,0.7476,0.4457,0.6758,0.1338,medium,0.4812,0.0405,0.5036,0.5756,BAS-REP0071,baseline
0.6849,0.6925,466.27,0.1219,0.2778,0.2686,1.0,0.4514,0.7213,0.0772,medium,0.4194,0.0,0.5683,0.497,BAS-REP0072,baseline
0.7463,0.6742,527.3,0.2322,0.3024,0.3979,0.9414,0.4731,0.6687,0.1012,medium,0.4712,0.0508,0.4671,0.5241,BAS-REP0073,baseline
0.6454,0.7358,539.74,0.3185,0.2526,0.4315,0.968,0.5309,0.6243,0.0336,medium,0.4846,0.1045,0.41,0.5283,BAS-REP0074,baseline
0.6208,0.6641,492.02,0.2185,0.2013,0.3701,0.9702,0.6567,0.6647,0.093,medium,0.4601,0.0784,0.5346,0.4112,BAS-REP0075,baseline
0.6109,0.659,591.48,0.3381,0.2848,0.4563,0.8722,0.4653,0.5725,0.0784,medium,0.4945,0.1793,0.499,0.386,BAS-REP0076,baseline
0.7877,0.7627,556.31,0.1278,0.1378,0.4153,0.8952,0.4761,0.6377,0.0466,medium,0.4781,0.0972,0.5341,0.6597,BAS-REP0077,baseline
0.7256,0.6303,579.47,0.3895,0.2878,0.4426,0.8582,0.4283,0.687,0.0958,medium,0.489,0.066,0.5654,0.5879,BAS-REP0078,baseline
0.5882,0.649,494.05,0.3886,0.2524,0.3238,1.0,0.2587,0.6521,0.0673,medium,0.4415,0.1146,0.5675,0.4627,BAS-REP0079,baseline
0.6524,0.6288,562.57,0.3144,0.299,0.424,0.8865,0.6062,0.5878,0.0632,medium,0.4816,0.08,0.4921,0.5438,BAS-REP0080,baseline
0.5842,0.6223,599.7,0.5095,0.2796,0.5722,0.8763,0.5491,0.5046,0.1097,medium,0.5409,0.196,0.4476,0.4692,BAS-REP0081,baseline
0.757,0.7693,513.77,0.1459,0.2664,0.2616,1.0,0.2721,0.7921,0.0742,medium,0.4167,0.0,0.51,0.5181,BAS-REP0082,baseline
0.6759,0.5856,512.97,0.211,0.3634,0.246,1.0,0.3951,0.6333,0.0377,medium,0.4104,0.0,0.2726,0.4784,BAS-REP0083,baseline
0.7016,0.5619,549.05,0.243,0.2281,0.4466,0.7938,0.4087,0.701,0.0784,medium,0.4906,0.1224,0.5368,0.5751,BAS-REP0084,baseline
0.5771,0.701,514.89,0.3363,0.3527,0.4032,0.971,0.5084,0.6374,0.0552,medium,0.4733,0.1573,0.5923,0.4671,BAS-REP0085,baseline
0.6702,0.5905,566.87,0.3588,0.2762,0.5101,0.8095,0.6718,0.5804,0.1395,medium,0.516,0.1453,0.4765,0.5241,BAS-REP0086,baseline
0.8033,0.681,525.02,0.2508,0.1581,0.3703,1.0,0.3421,0.7088,0.1064,medium,0.4601,0.0769,0.4509,0.3563,BAS-REP0087,baseline
0.6284,0.6168,580.59,0.3536,0.3356,0.485,0.841,0.4942,0.6085,0.0609,medium,0.506,0.0715,0.4285,0.485,BAS-REP0088,baseline
0.6859,0.6078,588.21,0.3768,0.2893,0.4967,0.7303,0.7362,0.6245,0.1188,medium,0.5107,0.1643,0.3843,0.4053,BAS-REP0089,baseline
0.6501,0.7731,551.11,0.3269,0.3125,0.5548,0.8899,0.729,0.6251,0.0799,medium,0.5339,0.1471,0.4852,0.5729,BAS-REP0090,baseline
0.6472,0.6994,524.35,0.1735,0.2889,0.3702,0.9509,0.5052,0.7276,0.0758,medium,0.4601,0.0757,0.5607,0.6458,BAS-REP0091,baseline
0.7898,0.6901,566.34,0.3753,0.2009,0.3829,0.989,0.5992,0.737,0.1532,medium,0.4652,0.0923,0.6534,0.4639,BAS-REP0092,baseline
0.6192,0.6803,567.64,0.3086,0.2838,0.471,0.761,0.43,0.604,0.0994,medium,0.5004,0.1634,0.5293,0.5213,BAS-REP0093,baseline
0.7646,0.6786,557.15,0.2258,0.205,0.3743,0.9118,0.4214,0.7197,0.0281,medium,0.4617,0.0493,0.4945,0.6837,BAS-REP0094,baseline
0.632,0.5681,577.45,0.3998,0.3434,0.6215,0.8315,0.5996,0.5663,0.1362,high,0.5606,0.2672,0.4587,0.4652,BAS-REP0095,baseline
0.7235,0.6506,479.76,0.1543,0.272,0.3991,0.963,0.6109,0.6898,0.0469,medium,0.4716,0.0422,0.571,0.6312,BAS-REP0096,baseline
0.6326,0.5668,541.65,0.2866,0.2963,0.3681,0.9435,0.4137,0.609,0.1215,medium,0.4592,0.04,0.5018,0.463,BAS-REP0097,baseline
0.7063,0.6182,519.99,0.2438,0.2711,0.3473,0.9744,0.4503,0.6758,0.1319,medium,0.4509,0.0263,0.4084,0.5476,BAS-REP0098,baseline
0.7,0.5977,552.32,0.21,0.1487,0.374,0.7986,0.4036,0.6808,0.0875,medium,0.4616,0.0981,0.3511,0.3323,BAS-REP0099,baseline
0.7092,0.6057,562.54,0.203,0.2642,0.405,0.7897,0.3758,0.6917,0.0683,medium,0.474,0.0241,0.5205,0.5413,BAS-REP0100,baseline
0.6501,0.5679,487.87,0.4046,0.2674,0.4215,0.8998,0.6035,0.642,0.0605,medium,0.4806,0.121,0.2912,0.477,BAS-REP0101,baseline
0.6685,0.6297,559.43,0.3747,0.2536,0.5504,0.7801,0.6661,0.5705,0.1018,medium,0.5322,0.2334,0.5121,0.6864,BAS-REP0102,baseline
0.6409,0.6576,571.65,0.4113,0.3213,0.5774,0.8731,0.8526,0.6176,0.2209,medium,0.543,0.2227,0.4822,0.4884,BAS-REP0103,baseline
0.7192,0.7397,486.48,0.2982,0.2626,0.3513,0.8769,0.4468,0.761,0.1265,medium,0.4525,0.0674,0.5322,0.5078,BAS-REP0104,baseline
0.612,0.5595,615.27,0.426,0.2606,0.6788,0.6488,0.5626,0.5344,0.2176,high,0.5835,0.2692,0.4139,0.4881,BAS-REP0105,baseline
0.6762,0.6382,546.04,0.3012,0.26,0.5183,0.878,0.4757,0.6175,0.0847,medium,0.5193,0.1875,0.6279,0.5906,BAS-REP0106,baseline
0.6194,0.6709,537.04,0.3322,0.3341,0.3763,0.826,0.3534,0.5878,0.0902,medium,0.4625,0.0224,0.4827,0.4642,BAS-REP0107,baseline
0.6914,0.6666,523.99,0.2847,0.3305,0.3343,1.0,0.4977,0.7023,0.1225,medium,0.4457,0.0801,0.5171,0.3609,BAS-REP0108,baseline
0.7938,0.6775,497.71,0.2721,0.1575,0.2392,0.9318,0.2867,0.7439,0.0277,medium,0.4077,0.0,0.428,0.4353,BAS-REP0109,baseline
0.5646,0.5229,578.67,0.3166,0.3777,0.4916,1.0,0.7274,0.5656,0.1497,medium,0.5086,0.2183,0.4788,0.4475,BAS-REP0110,baseline
0.6898,0.5962,542.43,0.274,0.2189,0.2537,0.9809,0.528,0.6318,0.1046,medium,0.4135,0.0,0.4781,0.4723,BAS-REP0111,baseline
0.6709,0.584,558.49,0.1807,0.2951,0.4039,0.8953,0.5513,0.6439,0.1306,medium,0.4736,0.1435,0.4837,0.4073,BAS-REP0112,baseline
0.5934,0.5058,586.88,0.3763,0.3798,0.6763,0.6861,0.4619,0.48,0.0413,high,0.5825,0.3143,0.6266,0.4169,BAS-REP0113,baseline
0.6374,0.5905,512.46,0.2904,0.2728,0.397,0.812,0.7123,0.6322,0.1402,medium,0.4708,0.0102,0.5049,0.4269,BAS-REP0114,baseline
0.6314,0.6601,604.04,0.3538,0.3392,0.6019,0.7286,0.5873,0.6249,0.1071,high,0.5527,0.1945,0.5885,0.583,BAS-REP0115,baseline
0.7565,0.6536,504.68,0.3802,0.2838,0.4436,0.7866,0.1771,0.6703,0.1832,medium,0.4895,0.1913,0.5242,0.4577,BAS-REP0116,baseline
0.7547,0.6937,586.77,0.4086,0.2768,0.4498,0.8357,0.5177,0.6026,0.1009,medium,0.4919,0.1443,0.7241,0.4095,BAS-REP0117,baseline
0.6461,0.5768,598.75,0.2604,0.2669,0.4809,0.8986,0.3475,0.6726,0.1342,medium,0.5043,0.0768,0.4583,0.6364,BAS-REP0118,baseline
0.6175,0.6377,534.99,0.3285,0.3066,0.3605,0.8191,0.4816,0.6021,0.1331,medium,0.4562,0.0753,0.4782,0.471,BAS-REP0119,baseline
0.7383,0.5937,550.61,0.3382,0.2075,0.4636,0.7766,0.3572,0.7223,0.0921,medium,0.4974,0.1094,0.5041,0.4959,BAS-REP0120,baseline
0.7089,0.6015,543.28,0.2632,0.2426,0.3718,0.8897,0.315,0.6314,0.0608,medium,0.4607,0.031,0.4503,0.4959,BAS-REP0121,baseline
0.6968,0.5833,517.27,0.2066,0.3051,0.3693,0.9155,0.6141,0.6571,0.0704,medium,0.4597,0.0022,0.4459,0.4489,BAS-REP0122,baseline
0.6893,0.6319,500.55,0.2596,0.2666,0.2656,0.9701,0.2573,0.6535,0.0913,medium,0.4183,0.0,0.4829,0.4948,BAS-REP0123,baseline
0.6877,0.6788,579.68,0.3028,0.2063,0.4955,0.7986,0.3956,0.6199,0.0613,medium,0.5102,0.1374,0.5482,0.5917,BAS-REP0124,baseline
0.8127,0.6839,498.39,0.2112,0.2685,0.2224,1.0,0.3289,0.7566,0.0619,medium,0.401,0.0112,0.6434,0.5646,BAS-REP0125,baseline
0.6908,0.6257,513.21,0.3516,0.3299,0.4381,0.8935,0.4363,0.7213,0.0169,medium,0.4872,0.0,0.5026,0.622,BAS-REP0126,baseline
0.8261,0.6556,544.4,0.1588,0.116,0.2205,1.0,0.3825,0.7203,0.01,medium,0.4002,0.0,0.474,0.5176,BAS-REP0127,baseline
0.5878,0.5493,466.88,0.1683,0.3073,0.2124,1.0,0.1496,0.625,0.1274,medium,0.397,0.0,0.5712,0.4407,BAS-REP0128,baseline
0.6767,0.573,516.6,0.3162,0.3066,0.4531,0.7991,0.5587,0.6107,0.1088,medium,0.4933,0.1729,0.5909,0.4575,BAS-REP0129,baseline
0.5062,0.666,554.37,0.3678,0.3834,0.4842,0.9422,0.6674,0.556,0.11,medium,0.5057,0.1572,0.5007,0.5969,BAS-REP0130,baseline
0.6537,0.548,575.62,0.3376,0.2634,0.4833,0.8499,0.4811,0.5721,0.1222,medium,0.5053,0.154,0.5702,0.4848,BAS-REP0131,baseline
0.6384,0.5168,541.93,0.2858,0.283,0.4857,0.858,0.4514,0.602,0.169,medium,0.5063,0.1295,0.4889,0.5872,BAS-REP0132,baseline
0.6279,0.5746,583.09,0.3393,0.3161,0.5389,0.8191,0.7162,0.6027,0.1047,medium,0.5276,0.1408,0.4711,0.586,BAS-REP0133,baseline
0.7325,0.7061,502.79,0.2639,0.2365,0.3706,0.9927,0.7219,0.6601,0.01,medium,0.4602,0.0598,0.5932,0.4612,BAS-REP0134,baseline
0.6404,0.5976,568.37,0.3081,0.3272,0.4472,0.925,0.4672,0.5741,0.0742,medium,0.4909,0.1933,0.5463,0.4637,BAS-REP0135,baseline
0.6572,0.6236,524.22,0.3175,0.2981,0.4701,0.8386,0.491,0.626,0.0294,medium,0.5001,0.1519,0.5305,0.4064,BAS-REP0136,baseline
0.555,0.478,560.17,0.4767,0.3116,0.5387,0.9301,0.6123,0.5143,0.2044,medium,0.5275,0.169,0.3837,0.5734,BAS-REP0137,baseline
0.7873,0.6219,566.32,0.3244,0.1672,0.4687,0.8901,0.7119,0.6777,0.061,medium,0.4995,0.1385,0.6521,0.5464,BAS-REP0138,baseline
0.774,0.6567,599.29,0.3439,0.2266,0.3734,0.9639,0.555,0.6388,0.1346,medium,0.4614,0.0212,0.4209,0.472,BAS-REP0139,baseline
0.7803,0.6899,499.78,0.3146,0.2561,0.3556,0.9766,0.5436,0.6612,0.0653,medium,0.4543,0.0,0.3971,0.6061,BAS-REP0140,baseline
0.7005,0.6531,555.48,0.3652,0.2413,0.51,0.6335,0.4942,0.6081,0.0841,medium,0.516,0.1806,0.5062,0.4847,BAS-REP0141,baseline
0.6092,0.634,571.72,0.3225,0.268,0.5274,0.8476,0.6403,0.588,0.0961,medium,0.523,0.1031,0.5106,0.5025,BAS-REP0142,baseline
0.6607,0.6398,552.96,0.3288,0.2893,0.4154,0.9688,0.7112,0.6271,0.1084,medium,0.4781,0.029,0.3477,0.5303,BAS-REP0143,baseline
0.6844,0.6292,573.73,0.3711,0.2711,0.4613,0.8849,0.6705,0.649,0.0883,medium,0.4965,0.1494,0.402,0.4392,BAS-REP0144,baseline
0.6684,0.6488,527.13,0.3679,0.2551,0.4597,0.8873,0.6968,0.7223,0.1192,medium,0.4959,0.0589,0.362,0.504,BAS-REP0145,baseline
0.6778,0.6699,528.59,0.2949,0.2972,0.3456,0.9287,0.6104,0.6731,0.1113,medium,0.4502,0.1142,0.4158,0.3872,BAS-REP0146,baseline
0.6685,0.7527,501.11,0.1408,0.2467,0.2073,1.0,0.2992,0.6533,0.0555,medium,0.3949,0.0042,0.4895,0.5996,BAS-REP0147,baseline
0.6029,0.5826,525.79,0.4311,0.3114,0.5136,0.8871,0.5298,0.6368,0.1605,medium,0.5174,0.129,0.5761,0.608,BAS-REP0148,baseline
0.7148,0.583,543.71,0.2864,0.2196,0.2983,1.0,0.4644,0.6713,0.0801,medium,0.4313,0.036,0.6207,0.5793,BAS-REP0149,baseline
0.7269,0.7431,572.05,0.3421,0.2715,0.4469,0.9592,0.3815,0.7201,0.0572,medium,0.4908,0.0906,0.4717,0.5128,BAS-REP0150,baseline
0.6862,0.7229,523.92,0.2208,0.3191,0.5132,0.8615,0.7159,0.6585,0.1232,medium,0.5173,0.147,0.397,0.4367,BAS-REP0151,baseline
0.648,0.6011,541.6,0.222,0.3766,0.3277,0.8356,0.4923,0.6201,0.1924,medium,0.4431,0.0538,0.4277,0.3811,BAS-REP0152,baseline
0.6535,0.6132,561.18,0.3985,0.2557,0.5097,0.653,0.5536,0.6094,0.109,medium,0.5159,0.1777,0.5016,0.5166,BAS-REP0153,baseline
0.7895,0.6588,508.27,0.2818,0.2526,0.3375,0.9326,0.503,0.6951,0.1572,medium,0.447,0.0482,0.5402,0.4503,BAS-REP0154,baseline
0.74,0.6335,522.94,0.2837,0.1487,0.3727,0.9997,0.5678,0.6827,0.0825,medium,0.4611,0.0646,0.4136,0.5621,BAS-REP0155,baseline
0.747,0.6629,554.65,0.1944,0.2452,0.3407,0.9351,0.5082,0.6536,0.0474,medium,0.4483,0.0552,0.426,0.5141,BAS-REP0156,baseline
0.648,0.6163,530.27,0.312,0.2309,0.3669,0.8601,0.3756,0.7012,0.1067,medium,0.4588,0.0609,0.5251,0.493,BAS-REP0157,baseline
0.6709,0.6456,558.23,0.2923,0.2298,0.5634,0.7581,0.6312,0.562,0.0775,medium,0.5374,0.1518,0.3606,0.6743,BAS-REP0158,baseline
0.7681,0.6564,507.9,0.2988,0.2331,0.3636,0.8403,0.46,0.7579,0.0679,medium,0.4574,0.067,0.5099,0.4988,BAS-REP0159,baseline
0.7299,0.661,495.07,0.2765,0.2295,0.2092,1.0,0.3317,0.7088,0.138,medium,0.3957,0.0,0.6037,0.4559,BAS-REP0160,baseline
0.5495,0.5506,569.44,0.3863,0.3019,0.5307,1.0,0.6155,0.5388,0.1502,medium,0.5243,0.1463,0.3656,0.5829,BAS-REP0161,baseline
0.6925,0.6798,543.82,0.3049,0.2933,0.4068,0.9697,0.3417,0.669,0.1356,medium,0.4747,0.0373,0.5416,0.5617,BAS-REP0162,baseline
0.5961,0.6501,537.41,0.3494,0.2517,0.4383,1.0,0.4527,0.5694,0.1136,medium,0.4873,0.1424,0.5421,0.4546,BAS-REP0163,baseline
0.7583,0.7254,537.5,0.2564,0.2492,0.3636,0.7951,0.5155,0.7405,0.047,medium,0.4574,0.0847,0.4709,0.5756,BAS-REP0164,baseline
0.8527,0.7259,484.26,0.2149,0.1817,0.3142,0.9006,0.4519,0.797,0.01,medium,0.4377,0.0,0.389,0.516,BAS-REP0165,baseline
0.6928,0.6831,545.86,0.3311,0.265,0.4056,1.0,0.4839,0.6626,0.0875,medium,0.4743,0.0838,0.6268,0.5055,BAS-REP0166,baseline
0.7005,0.6706,469.11,0.3311,0.2529,0.3282,1.0,0.4051,0.7284,0.0924,medium,0.4433,0.0411,0.532,0.5095,BAS-REP0167,baseline
0.6314,0.6403,501.63,0.3998,0.3642,0.4127,0.8036,0.418,0.6459,0.1057,medium,0.4771,0.128,0.5119,0.4914,BAS-REP0168,baseline
0.7467,0.7663,541.57,0.2295,0.2047,0.2711,0.9347,0.1564,0.8021,0.1577,medium,0.4204,0.0264,0.4855,0.5013,BAS-REP0169,baseline
0.656,0.6042,537.63,0.2704,0.2543,0.3368,1.0,0.3571,0.6402,0.1646,medium,0.4467,0.0415,0.4649,0.4797,BAS-REP0170,baseline
0.7306,0.6287,562.65,0.3674,0.2299,0.4195,0.9942,0.5237,0.6379,0.0125,medium,0.4798,0.209,0.3329,0.5449,BAS-REP0171,baseline
0.8395,0.6894,536.68,0.305,0.1423,0.5015,0.9201,0.3877,0.7398,0.0571,medium,0.5126,0.123,0.5569,0.5181,BAS-REP0172,baseline
0.7297,0.6429,515.9,0.374,0.1966,0.3731,0.964,0.3228,0.602,0.0748,medium,0.4613,0.065,0.4929,0.4498,BAS-REP0173,baseline
0.5849,0.5481,607.64,0.4162,0.3905,0.5205,0.757,0.4698,0.5024,0.21,medium,0.5202,0.1724,0.3745,0.5003,BAS-REP0174,baseline
0.6611,0.601,543.74,0.3098,0.2747,0.4796,0.9089,0.4833,0.5625,0.1127,medium,0.5039,0.1451,0.5627,0.5138,BAS-REP0175,baseline
0.7283,0.6995,506.57,0.2333,0.2973,0.4397,1.0,0.7161,0.7139,0.0605,medium,0.4879,0.1189,0.5354,0.414,BAS-REP0176,baseline
0.7029,0.5419,554.83,0.3489,0.2358,0.3395,0.9849,0.3878,0.6846,0.1116,medium,0.4478,0.0,0.4076,0.5977,BAS-REP0177,baseline
0.6522,0.693,537.66,0.3126,0.2038,0.4039,0.8463,0.3929,0.7391,0.0336,medium,0.4735,0.0432,0.5323,0.474,BAS-REP0178,baseline
0.699,0.6612,529.85,0.2852,0.2527,0.4662,0.8554,0.6794,0.5657,0.1191,medium,0.4985,0.144,0.6276,0.4107,BAS-REP0179,baseline
0.7046,0.6121,562.4,0.3446,0.2827,0.4738,0.831,0.354,0.6351,0.131,medium,0.5015,0.129,0.4977,0.5346,BAS-REP0180,baseline
0.6534,0.5426,570.74,0.339,0.2733,0.4261,0.8558,0.6682,0.6081,0.0665,medium,0.4825,0.1226,0.5549,0.481,BAS-REP0181,baseline
0.6647,0.6535,562.94,0.2397,0.234,0.3951,0.9365,0.5416,0.6428,0.0715,medium,0.47,0.1026,0.3414,0.5691,BAS-REP0182,baseline
0.6763,0.6356,542.27,0.3112,0.2621,0.4528,0.7426,0.363,0.6199,0.0906,medium,0.4931,0.0616,0.418,0.5643,BAS-REP0183,baseline
0.5963,0.5399,556.27,0.3963,0.3028,0.5547,0.865,0.702,0.5497,0.1833,medium,0.5339,0.227,0.3989,0.4717,BAS-REP0184,baseline
0.6841,0.5848,549.74,0.3416,0.2591,0.3791,0.9301,0.5646,0.6467,0.0759,medium,0.4636,0.0409,0.4133,0.4473,BAS-REP0185,baseline
0.6175,0.6761,550.74,0.3607,0.2409,0.3811,1.0,0.4392,0.6704,0.1848,medium,0.4645,0.0114,0.4623,0.4633,BAS-REP0186,baseline
0.7345,0.7184,564.94,0.3443,0.2687,0.4461,0.8228,0.5696,0.6578,0.0173,medium,0.4905,0.2115,0.4093,0.44,BAS-REP0187,baseline
0.6934,0.6344,542.33,0.3218,0.2485,0.4706,0.9534,0.5489,0.6394,0.1384,medium,0.5002,0.116,0.6818,0.2829,BAS-REP0188,baseline
0.8282,0.7043,530.8,0.235,0.2399,0.3742,0.9399,0.5758,0.7396,0.105,medium,0.4617,0.0704,0.4746,0.4442,BAS-REP0189,baseline
0.6463,0.539,610.05,0.3582,0.2914,0.5555,0.8441,0.5741,0.537,0.0669,medium,0.5342,0.2268,0.457,0.5425,BAS-REP0190,baseline
0.5963,0.5505,518.66,0.3416,0.3575,0.3864,1.0,0.6042,0.6112,0.1116,medium,0.4666,0.0453,0.4255,0.5304,BAS-REP0191,baseline
0.6906,0.5901,553.45,0.3882,0.2965,0.427,0.8678,0.4503,0.63,0.01,medium,0.4828,0.1063,0.4296,0.415,BAS-REP0192,baseline
0.647,0.6473,522.01,0.2924,0.2864,0.3781,0.8375,0.6057,0.696,0.0515,medium,0.4632,0.0591,0.5453,0.4809,BAS-REP0193,baseline
0.7915,0.6535,513.67,0.3032,0.2351,0.2706,1.0,0.4065,0.7614,0.1055,medium,0.4202,0.0,0.582,0.6028,BAS-REP0194,baseline
0.772,0.6394,478.61,0.3336,0.2058,0.3589,0.9866,0.4684,0.6792,0.1168,medium,0.4556,0.0051,0.4267,0.6188,BAS-REP0195,baseline
0.7018,0.5832,521.41,0.3734,0.3025,0.2994,1.0,0.452,0.5512,0.1166,medium,0.4318,0.0322,0.5505,0.4182,BAS-REP0196,baseline
0.7142,0.6841,503.54,0.3169,0.2275,0.4401,0.8415,0.5973,0.6954,0.099,medium,0.488,0.181,0.4719,0.4626,BAS-REP0197,baseline
0.7297,0.7065,548.89,0.2803,0.2146,0.2582,0.8603,0.3824,0.7134,0.01,medium,0.4153,0.0438,0.5901,0.4981,BAS-REP0198,baseline
0.6146,0.5201,575.71,0.3178,0.3228,0.4711,0.9284,0.587,0.5754,0.1312,medium,0.5005,0.0942,0.5446,0.5984,BAS-REP0199,baseline
0.627,0.6607,555.25,0.4365,0.2476,0.4646,0.9194,0.8296,0.5812,0.1403,medium,0.4978,0.106,0.4255,0.5545,BAS-REP0200,baseline
0.7379,0.6478,596.04,0.349,0.2338,0.5678,0.7429,0.613,0.6321,0.0428,medium,0.5391,0.179,0.5278,0.3919,BAS-REP0201,baseline
0.848,0.6929,492.53,0.2564,0.1999,0.3803,0.9666,0.4355,0.7499,0.0831,medium,0.4641,0.0655,0.5212,0.4583,BAS-REP0202,baseline
0.6845,0.667,530.71,0.3689,0.2789,0.4038,0.9408,0.6456,0.6973,0.0424,medium,0.4735,0.0863,0.5193,0.5064,BAS-REP0203,baseline
0.7824,0.6482,518.08,0.1562,0.1554,0.3225,0.9568,0.2543,0.7654,0.1091,medium,0.441,0.0186,0.4675,0.4095,BAS-REP0204,baseline
0.7378,0.6938,496.5,0.2959,0.2276,0.3286,0.9913,0.4995,0.7283,0.0898,medium,0.4435,0.0,0.4411,0.4413,BAS-REP0205,baseline
0.6197,0.6138,557.92,0.3384,0.3386,0.542,0.7548,0.3568,0.6139,0.1394,medium,0.5288,0.1385,0.4089,0.4171,BAS-REP0206,baseline
0.6659,0.7347,576.81,0.4016,0.3025,0.4452,1.0,0.5553,0.6693,0.047,medium,0.4901,0.1076,0.4997,0.4497,BAS-REP0207,baseline
0.6781,0.6861,516.62,0.253,0.3103,0.271,0.9203,0.604,0.6931,0.0472,medium,0.4204,0.0,0.5698,0.4513,BAS-REP0208,baseline
0.6587,0.5373,561.89,0.394,0.2253,0.5334,0.8061,0.7314,0.5514,0.1564,medium,0.5254,0.1196,0.4608,0.5524,BAS-REP0209,baseline
0.6547,0.6556,534.13,0.3879,0.3242,0.3684,0.9843,0.546,0.6668,0.1296,medium,0.4594,0.1533,0.5999,0.3576,BAS-REP0210,baseline
0.6998,0.7458,503.06,0.3286,0.2883,0.2566,1.0,0.2722,0.7413,0.12,medium,0.4146,0.0,0.5484,0.4631,BAS-REP0211,baseline
0.6915,0.5692,538.29,0.3163,0.2254,0.4,0.9472,0.6399,0.6582,0.1053,medium,0.472,0.0641,0.4007,0.4608,BAS-REP0212,baseline
0.7893,0.6221,527.47,0.2645,0.1622,0.4034,0.7871,0.3859,0.7144,0.0838,medium,0.4734,0.1133,0.5786,0.4424,BAS-REP0213,baseline
0.6391,0.5043,590.38,0.4167,0.1995,0.5194,0.7661,0.483,0.5702,0.188,medium,0.5198,0.241,0.4408,0.4296,BAS-REP0214,baseline
0.804,0.6558,516.75,0.3867,0.1258,0.4468,0.8589,0.5465,0.7235,0.0573,medium,0.4907,0.0412,0.6066,0.4376,BAS-REP0215,baseline
0.6853,0.6064,565.52,0.332,0.226,0.536,0.8955,0.2433,0.6218,0.1193,medium,0.5264,0.1258,0.5462,0.432,BAS-REP0216,baseline
0.6059,0.7241,531.59,0.2372,0.3726,0.2921,1.0,0.6381,0.6698,0.1115,medium,0.4288,0.0,0.5306,0.4608,BAS-REP0217,baseline
0.6669,0.6414,523.15,0.2466,0.3028,0.3298,0.9829,0.2002,0.6262,0.1051,medium,0.4439,0.0,0.4036,0.4212,BAS-REP0218,baseline
0.6623,0.6727,541.33,0.2672,0.3226,0.3728,0.932,0.4655,0.609,0.0982,medium,0.4611,0.0,0.6909,0.4455,BAS-REP0219,baseline
0.7976,0.7303,536.4,0.2445,0.1761,0.3867,0.8518,0.601,0.6367,0.1181,medium,0.4667,0.0449,0.5196,0.5229,BAS-REP0220,baseline
0.6796,0.6352,562.29,0.3612,0.2339,0.4583,0.9216,0.3535,0.6025,0.1072,medium,0.4953,0.153,0.5047,0.4554,BAS-REP0221,baseline
0.5893,0.5789,545.62,0.4743,0.3607,0.4176,0.9557,0.436,0.5845,0.0973,medium,0.4791,0.0652,0.5561,0.4805,BAS-REP0222,baseline
0.6874,0.6588,511.64,0.4117,0.3038,0.4501,0.7918,0.4622,0.6594,0.1134,medium,0.492,0.1406,0.6284,0.5358,BAS-REP0223,baseline
0.6141,0.6651,545.89,0.212,0.3228,0.3862,0.8115,0.477,0.673,0.0934,medium,0.4665,0.025,0.4186,0.4479,BAS-REP0224,baseline
0.7417,0.6807,564.4,0.3576,0.2626,0.554,0.7065,0.6623,0.7197,0.0698,medium,0.5336,0.1783,0.5089,0.562,BAS-REP0225,baseline
0.6286,0.5043,571.51,0.4253,0.3376,0.4024,0.9196,0.4283,0.5588,0.1078,medium,0.4729,0.0963,0.4537,0.4977,BAS-REP0226,baseline
0.6147,0.6804,543.4,0.3257,0.2327,0.5378,0.8038,0.6969,0.6575,0.0696,medium,0.5271,0.1293,0.5613,0.4566,BAS-REP0227,baseline
0.6804,0.5938,532.54,0.2196,0.2769,0.4261,1.0,0.5273,0.6268,0.076,medium,0.4824,0.1322,0.5027,0.4905,BAS-REP0228,baseline
0.7727,0.7048,485.77,0.1891,0.2093,0.1995,0.9296,0.4429,0.7576,0.0478,medium,0.3918,0.0,0.5345,0.6237,BAS-REP0229,baseline
0.6987,0.6566,483.62,0.0905,0.2006,0.2894,1.0,0.5116,0.7114,0.1,medium,0.4278,0.0,0.5687,0.4867,BAS-REP0230,baseline
0.7355,0.556,544.81,0.2735,0.2654,0.4462,0.9373,0.5181,0.6591,0.0632,medium,0.4905,0.1067,0.4664,0.4451,BAS-REP0231,baseline
0.6376,0.7435,505.42,0.3032,0.3277,0.3687,0.9494,0.3742,0.6036,0.0462,medium,0.4595,0.0936,0.4982,0.4726,BAS-REP0232,baseline
0.7837,0.6512,547.87,0.2632,0.1416,0.4606,0.9721,0.6705,0.6937,0.0845,medium,0.4963,0.1031,0.5417,0.5782,BAS-REP0233,baseline
0.6672,0.5922,553.11,0.5064,0.3322,0.5577,0.8298,0.7044,0.6002,0.1825,medium,0.5351,0.2205,0.4452,0.552,BAS-REP0234,baseline
0.6054,0.6299,546.01,0.2818,0.2742,0.4498,0.9247,0.4853,0.5755,0.0943,medium,0.4919,0.1021,0.5552,0.4659,BAS-REP0235,baseline
0.71,0.6792,509.51,0.2585,0.2996,0.2865,1.0,0.3566,0.6466,0.0664,medium,0.4266,0.0093,0.7021,0.6871,BAS-REP0236,baseline
0.7306,0.5734,511.0,0.1791,0.2141,0.283,1.0,0.5268,0.7259,0.1181,medium,0.4252,0.0798,0.478,0.4016,BAS-REP0237,baseline
0.6833,0.6006,544.28,0.2845,0.2489,0.3849,0.957,0.5338,0.6578,0.1091,medium,0.466,0.0562,0.4913,0.5308,BAS-REP0238,baseline
0.7081,0.6748,534.5,0.3537,0.1965,0.4218,0.908,0.5996,0.6868,0.1076,medium,0.4807,0.1084,0.6553,0.5255,BAS-REP0239,baseline
0.7857,0.7024,583.91,0.3052,0.2576,0.3803,0.9582,0.3221,0.7782,0.1362,medium,0.4641,0.0,0.5978,0.6895,BAS-REP0240,baseline
0.5927,0.5927,633.02,0.5078,0.2957,0.7315,0.6005,0.6221,0.4558,0.1051,high,0.6046,0.3756,0.4203,0.4852,BAS-REP0241,baseline
0.7385,0.6011,565.24,0.4615,0.1406,0.487,0.7897,0.5257,0.6001,0.0998,medium,0.5068,0.0573,0.5866,0.563,BAS-REP0242,baseline
0.6427,0.7067,527.15,0.3424,0.2624,0.4926,0.7659,0.3949,0.5654,0.0349,medium,0.509,0.1505,0.5949,0.3805,BAS-REP0243,baseline
0.6671,0.5844,549.5,0.4039,0.2618,0.4289,0.7401,0.3341,0.636,0.0831,medium,0.4836,0.14,0.3319,0.6071,BAS-REP0244,baseline
0.7445,0.6604,480.18,0.2582,0.263,0.2178,1.0,0.4138,0.7366,0.1053,medium,0.3991,0.0,0.5588,0.4292,BAS-REP0245,baseline
0.6684,0.6315,564.17,0.3303,0.2542,0.2634,1.0,0.4009,0.6362,0.0516,medium,0.4174,0.0,0.5046,0.6166,BAS-REP0246,baseline
0.747,0.7086,489.54,0.2348,0.1859,0.3199,0.9452,0.4901,0.7521,0.1066,medium,0.4399,0.0483,0.4401,0.5407,BAS-REP0247,baseline
0.7406,0.6719,527.93,0.2158,0.2517,0.3248,0.9553,0.4666,0.7162,0.0306,medium,0.4419,0.0443,0.6138,0.4996,BAS-REP0248,baseline
0.6907,0.6925,520.57,0.2737,0.2711,0.3054,1.0,0.5084,0.7198,0.0668,medium,0.4341,0.0,0.3533,0.519,BAS-REP0249,baseline
0.6712,0.733,487.77,0.1568,0.2237,0.15,0.9907,0.4123,0.7795,0.0398,medium,0.372,0.0,0.5303,0.5412,BAS-REP0250,baseline
0.5986,0.679,602.51,0.2752,0.3501,0.5509,0.7257,0.4895,0.5792,0.054,high,0.6524,0.183,0.5626,0.5237,HIG-REP0001,high_pressure
0.5706,0.6699,596.65,0.3368,0.3512,0.5005,0.9025,0.2852,0.5742,0.031,high,0.6322,0.1089,0.4699,0.3782,HIG-REP0002,high_pressure
0.5594,0.6819,592.87,0.3644,0.3991,0.5337,0.894,0.5782,0.5299,0.1792,high,0.6455,0.2035,0.5718,0.4713,HIG-REP0003,high_pressure
0.6444,0.5732,591.98,0.3565,0.3454,0.4139,0.9293,0.5082,0.6196,0.1772,high,0.5975,0.0353,0.3749,0.5509,HIG-REP0004,high_pressure
0.5509,0.5,636.58,0.5693,0.3249,0.7363,0.6543,0.7289,0.522,0.0299,high,0.7265,0.347,0.4367,0.5015,HIG-REP0005,high_pressure
0.6736,0.6848,598.11,0.3059,0.2422,0.4341,0.8252,0.2909,0.5884,0.0829,high,0.6057,0.0992,0.5505,0.4757,HIG-REP0006,high_pressure
0.5598,0.5675,556.1,0.3112,0.3391,0.3769,0.9364,0.4316,0.5505,0.0661,high,0.5827,0.0984,0.4916,0.4774,HIG-REP0007,high_pressure
0.7084,0.5283,613.17,0.2777,0.2491,0.3763,0.9905,0.5172,0.6463,0.1207,high,0.5825,0.0335,0.4412,0.4035,HIG-REP0008,high_pressure
0.5714,0.5638,609.12,0.2754,0.409,0.4923,0.8962,0.5948,0.5155,0.125,high,0.6289,0.1952,0.538,0.5077,HIG-REP0009,high_pressure
0.6991,0.5923,586.73,0.3835,0.2367,0.4104,0.9874,0.4249,0.6385,0.1185,high,0.5962,0.1285,0.5175,0.5039,HIG-REP0010,high_pressure
0.592,0.5439,564.7,0.374,0.3297,0.5756,0.7342,0.7111,0.5789,0.1703,high,0.6622,0.1576,0.473,0.5621,HIG-REP0011,high_pressure
0.586,0.6964,636.08,0.4157,0.3658,0.6952,0.612,0.8692,0.4839,0.0582,high,0.7101,0.2628,0.5719,0.4976,HIG-REP0012,high_pressure
0.6379,0.6444,612.21,0.2808,0.2734,0.5679,0.8774,0.6066,0.5561,0.0536,high,0.6592,0.2521,0.6454,0.3579,HIG-REP0013,high_pressure
0.6356,0.6324,643.81,0.3545,0.3622,0.6406,0.8585,0.5384,0.5161,0.1353,high,0.6882,0.1667,0.6073,0.6247,HIG-REP0014,high_pressure
0.6861,0.5495,539.24,0.3621,0.3338,0.4711,0.9117,0.5184,0.6373,0.0887,high,0.6204,0.0701,0.3544,0.5244,HIG-REP0015,high_pressure
0.6917,0.5265,666.61,0.414,0.2448,0.7512,0.6732,0.697,0.5869,0.1385,high,0.7325,0.3186,0.6335,0.568,HIG-REP0016,high_pressure
0.6804,0.6223,639.52,0.3378,0.2908,0.4326,0.8964,0.4824,0.6673,0.1055,high,0.605,0.0084,0.4329,0.6033,HIG-REP0017,high_pressure
0.717,0.6349,615.97,0.3793,0.303,0.5445,0.7975,0.7325,0.6092,0.1438,high,0.6498,0.1349,0.4956,0.5142,HIG-REP0018,high_pressure
0.6265,0.5821,658.81,0.4168,0.3561,0.572,0.8096,0.733,0.5281,0.1013,high,0.6608,0.2005,0.4366,0.5011,HIG-REP0019,high_pressure
0.6795,0.6332,551.84,0.3645,0.2448,0.4197,0.7372,0.3897,0.6937,0.0544,high,0.5999,0.0584,0.3985,0.5241,HIG-REP0020,high_pressure
0.6662,0.7647,569.26,0.1549,0.305,0.328,1.0,0.4202,0.6357,0.0347,high,0.5632,0.0408,0.5362,0.4727,HIG-REP0021,high_pressure
0.6763,0.5783,604.1,0.3988,0.3114,0.5758,0.7545,0.3337,0.5481,0.1246,high,0.6623,0.2682,0.3596,0.4536,HIG-REP0022,high_pressure
0.7388,0.7739,622.36,0.3345,0.1857,0.5912,0.8056,0.5641,0.6399,0.1779,high,0.6685,0.2696,0.5299,0.4983,HIG-REP0023,high_pressure
0.6777,0.6255,600.48,0.1535,0.2846,0.3586,1.0,0.5863,0.6546,0.0446,high,0.5754,0.0776,0.6335,0.4986,HIG-REP0024,high_pressure
0.6499,0.5521,668.83,0.4029,0.3063,0.6154,0.8207,0.7186,0.5474,0.0944,high,0.6782,0.2557,0.5401,0.4603,HIG-REP0025,high_pressure
0.5238,0.5093,674.45,0.5072,0.4173,0.7501,0.7067,0.7426,0.4345,0.2488,high,0.7321,0.3713,0.4532,0.4626,HIG-REP0026,high_pressure
0.7145,0.6604,598.68,0.3367,0.3648,0.445,0.7795,0.4327,0.6787,0.0709,high,0.61,0.1001,0.4494,0.4186,HIG-REP0027,high_pressure
0.6996,0.5828,599.81,0.4027,0.2924,0.4348,0.889,0.5042,0.6321,0.091,high,0.6059,0.1354,0.4798,0.5102,HIG-REP0028,high_pressure
0.5705,0.6099,613.9,0.4431,0.3739,0.5836,0.8201,0.5386,0.5344,0.1463,high,0.6654,0.3422,0.3943,0.3473,HIG-REP0029,high_pressure
0.6409,0.6708,608.35,0.3575,0.2806,0.4891,0.9623,0.5321,0.6124,0.1167,high,0.6276,0.1785,0.5744,0.4318,HIG-REP0030,high_pressure
0.5629,0.5059,649.86,0.4563,0.4304,0.6279,0.8106,0.625,0.5117,0.1214,high,0.6832,0.2582,0.4162,0.5527,HIG-REP0031,high_pressure
0.6113,0.6739,574.81,0.3462,0.368,0.5029,0.7938,0.4743,0.5789,0.0408,high,0.6331,0.0951,0.5259,0.5833,HIG-REP0032,high_pressure
0.6521,0.6339,598.54,0.441,0.2849,0.5282,0.8603,0.7664,0.6407,0.0171,high,0.6433,0.2112,0.6189,0.4703,HIG-REP0033,high_pressure
0.445,0.5698,687.3,0.5154,0.4157,0.681,0.6683,0.8844,0.4826,0.1311,high,0.7044,0.317,0.4556,0.4827,HIG-REP0034,high_pressure
0.6845,0.6047,566.92,0.2428,0.265,0.3301,0.8701,0.4876,0.6184,0.1361,high,0.564,0.0419,0.4439,0.5215,HIG-REP0035,high_pressure
0.6018,0.6096,601.44,0.356,0.3674,0.4677,0.9228,0.3109,0.4976,0.1121,high,0.6191,0.109,0.6215,0.4652,HIG-REP0036,high_pressure
0.6402,0.6122,599.33,0.2256,0.3288,0.5287,0.8644,0.5604,0.5303,0.1025,high,0.6435,0.1691,0.4817,0.5088,HIG-REP0037,high_pressure
0.6218,0.581,588.41,0.2938,0.3362,0.6024,0.5835,0.5419,0.5779,0.0302,high,0.673,0.2289,0.5269,0.5552,HIG-REP0038,high_pressure
0.6321,0.5674,637.62,0.3331,0.3506,0.544,0.7619,0.4077,0.5723,0.0709,high,0.6496,0.2762,0.4041,0.4164,HIG-REP0039,high_pressure
0.7075,0.7444,564.59,0.3624,0.2661,0.5641,0.7078,0.59,0.6221,0.0899,high,0.6576,0.2129,0.6199,0.4849,HIG-REP0040,high_pressure
0.6903,0.6564,604.06,0.2024,0.4207,0.5206,0.79,0.7122,0.6269,0.01,high,0.6403,0.1333,0.5112,0.442,HIG-REP0041,high_pressure
0.6539,0.5625,566.15,0.3667,0.2508,0.3582,1.0,0.399,0.6136,0.0671,high,0.5753,0.0255,0.4354,0.5085,HIG-REP0042,high_pressure
0.7268,0.6134,652.69,0.31,0.2511,0.6401,0.85,0.6638,0.6273,0.113,high,0.688,0.2276,0.4783,0.5762,HIG-REP0043,high_pressure
0.4522,0.5444,660.41,0.453,0.4367,0.6971,0.7629,0.5154,0.4472,0.1823,high,0.7108,0.2239,0.4862,0.4505,HIG-REP0044,high_pressure
0.6122,0.641,601.11,0.4177,0.3746,0.4421,1.0,0.6307,0.5649,0.0956,high,0.6088,0.106,0.4894,0.4909,HIG-REP0045,high_pressure
0.6625,0.5988,581.61,0.3122,0.3055,0.4275,1.0,0.565,0.5896,0.0819,high,0.603,0.0641,0.5134,0.5306,HIG-REP0046,high_pressure
0.5792,0.6466,589.67,0.3191,0.3009,0.5168,0.8223,0.6283,0.5839,0.1393,high,0.6387,0.1252,0.3154,0.4484,HIG-REP0047,high_pressure
0.65,0.72,649.01,0.3884,0.3273,0.5351,0.7331,0.77,0.6442,0.0613,high,0.646,0.1748,0.564,0.5723,HIG-REP0048,high_pressure
0.7187,0.6779,570.47,0.2727,0.2692,0.3303,0.9223,0.4033,0.6446,0.0574,high,0.5641,0.1172,0.5113,0.3265,HIG-REP0049,high_pressure
0.6614,0.6687,538.17,0.3008,0.3135,0.4458,0.7756,0.3666,0.6176,0.115,high,0.6103,0.0958,0.5405,0.4749,HIG-REP0050,high_pressure
0.6325,0.5745,639.03,0.4142,0.3022,0.5988,0.7169,0.627,0.4823,0.0942,high,0.6715,0.2082,0.573,0.4421,HIG-REP0051,high_pressure
0.6084,0.6048,592.33,0.2722,0.3356,0.4481,0.9282,0.4633,0.613,0.1595,high,0.6112,0.0203,0.4444,0.4703,HIG-REP0052,high_pressure
0.6121,0.554,616.93,0.2957,0.3985,0.5565,0.6844,0.8082,0.5727,0.1182,high,0.6546,0.19,0.5488,0.443,HIG-REP0053,high_pressure
0.5815,0.6792,576.59,0.2638,0.3712,0.4375,0.8655,0.3426,0.5581,0.0568,high,0.607,0.1558,0.5555,0.4198,HIG-REP0054,high_pressure
0.6556,0.6432,614.52,0.3704,0.2906,0.6038,0.7016,0.4573,0.6164,0.1827,high,0.6735,0.1707,0.4682,0.4252,HIG-REP0055,high_pressure
0.6725,0.6546,598.62,0.3948,0.2648,0.6079,0.6587,0.7964,0.5821,0.0867,high,0.6752,0.1388,0.5964,0.4404,HIG-REP0056,high_pressure
0.6857,0.5747,575.61,0.3854,0.3207,0.3699,0.9341,0.492,0.6112,0.2091,high,0.58,0.0026,0.5836,0.5708,HIG-REP0057,high_pressure
0.5893,0.5166,610.33,0.3048,0.3041,0.4944,0.8665,0.4118,0.5792,0.0962,high,0.6297,0.1754,0.5105,0.4518,HIG-REP0058,high_pressure
0.6199,0.6418,529.27,0.2072,0.4002,0.3107,1.0,0.4396,0.6463,0.1489,high,0.5563,0.0712,0.435,0.5033,HIG-REP0059,high_pressure
0.7129,0.6667,629.41,0.3274,0.2663,0.4941,0.8848,0.5331,0.6377,0.1291,high,0.6297,0.1523,0.3591,0.596,HIG-REP0060,high_pressure
0.5685,0.6879,623.42,0.3501,0.3731,0.5826,0.733,0.4791,0.5783,0.1595,high,0.665,0.1531,0.4762,0.5526,HIG-REP0061,high_pressure
0.5881,0.6413,583.42,0.3437,0.3225,0.4766,0.8362,0.5904,0.5557,0.1169,high,0.6227,0.1477,0.615,0.5111,HIG-REP0062,high_pressure
0.6386,0.5976,587.23,0.3235,0.2794,0.5548,0.8677,0.5822,0.626,0.0644,high,0.6539,0.177,0.3708,0.4418,HIG-REP0063,high_pressure
0.6333,0.6647,628.29,0.3847,0.2864,0.5643,0.7795,0.7602,0.6346,0.1142,high,0.6577,0.1859,0.5579,0.4726,HIG-REP0064,high_pressure
0.6422,0.6479,550.68,0.3205,0.3375,0.4882,0.8323,0.5416,0.6011,0.1042,high,0.6273,0.1657,0.5891,0.5722,HIG-REP0065,high_pressure
0.7057,0.5455,618.94,0.2471,0.2912,0.4028,0.8787,0.4183,0.6149,0.1694,high,0.5931,0.0307,0.2322,0.4819,HIG-REP0066,high_pressure
0.6613,0.6872,539.25,0.3176,0.289,0.5388,0.8615,0.6922,0.6134,0.2253,high,0.6475,0.1602,0.5558,0.5791,HIG-REP0067,high_pressure
0.6131,0.71,604.79,0.308,0.3294,0.538,0.7668,0.5693,0.6581,0.0612,high,0.6472,0.1922,0.531,0.5643,HIG-REP0068,high_pressure
0.5671,0.6082,569.24,0.3449,0.4082,0.4862,0.8457,0.7739,0.5509,0.0694,high,0.6265,0.1199,0.434,0.4717,HIG-REP0069,high_pressure
0.6617,0.6007,633.65,0.3777,0.2967,0.5695,0.7942,0.659,0.5233,0.1357,high,0.6598,0.1897,0.5204,0.5063,HIG-REP0070,high_pressure
0.6432,0.7172,580.47,0.2873,0.2799,0.4985,0.7185,0.5757,0.5943,0.0959,high,0.6314,0.2419,0.418,0.3526,HIG-REP0071,high_pressure
0.758,0.7155,627.24,0.3622,0.1866,0.4847,0.8255,0.6139,0.6647,0.1099,high,0.6259,0.12,0.569,0.4912,HIG-REP0072,high_pressure
0.669,0.6474,616.17,0.3322,0.2953,0.48,0.8425,0.7874,0.6377,0.0844,high,0.624,0.2106,0.5521,0.3827,HIG-REP0073,high_pressure
0.62,0.5475,632.09,0.2897,0.3132,0.5074,0.8226,0.5711,0.5032,0.0547,high,0.635,0.1584,0.5186,0.6511,HIG-REP0074,high_pressure
0.5422,0.5769,604.25,0.4056,0.3764,0.4809,0.843,0.5046,0.5684,0.032,high,0.6244,0.071,0.4134,0.5328,HIG-REP0075,high_pressure
0.6772,0.7635,600.72,0.3591,0.3164,0.5182,0.764,0.8892,0.7208,0.0759,high,0.6393,0.1229,0.4832,0.4023,HIG-REP0076,high_pressure
0.5918,0.6153,622.44,0.4338,0.4078,0.5111,0.8521,0.5641,0.5541,0.0958,high,0.6365,0.1855,0.547,0.4853,HIG-REP0077,high_pressure
0.6176,0.6486,571.05,0.4111,0.3905,0.537,0.4925,0.4826,0.6055,0.1515,high,0.6468,0.2241,0.408,0.4842,HIG-REP0078,high_pressure
0.4705,0.5746,680.46,0.3998,0.4921,0.7861,0.6426,0.7866,0.456,0.2127,high,0.7464,0.2778,0.5407,0.4954,HIG-REP0079,high_pressure
0.6258,0.8088,589.8,0.2858,0.3444,0.5732,0.8089,0.7313,0.618,0.1143,high,0.6613,0.2039,0.5319,0.4384,HIG-REP0080,high_pressure
0.6416,0.6425,563.74,0.4056,0.3531,0.4245,0.7727,0.5237,0.6317,0.0501,high,0.6018,0.0571,0.5622,0.5925,HIG-REP0081,high_pressure
0.5336,0.5057,560.67,0.3359,0.4524,0.4871,0.8533,0.3492,0.4943,0.2018,high,0.6268,0.1348,0.4309,0.4706,HIG-REP0082,high_pressure
0.6971,0.5055,658.03,0.4553,0.3291,0.5935,0.8029,0.7112,0.5348,0.0891,high,0.6694,0.1723,0.3034,0.4586,HIG-REP0083,high_pressure
0.6102,0.6097,619.45,0.3861,0.2472,0.5592,0.7164,0.647,0.5472,0.0498,high,0.6557,0.1808,0.504,0.4845,HIG-REP0084,high_pressure
0.5896,0.5418,694.04,0.4886,0.3519,0.7077,0.7162,0.7838,0.4904,0.0879,high,0.7151,0.2394,0.5574,0.5006,HIG-REP0085,high_pressure
0.6346,0.6417,591.73,0.3231,0.3593,0.4666,0.9062,0.3921,0.6004,0.1141,high,0.6187,0.1424,0.6365,0.4488,HIG-REP0086,high_pressure
0.6357,0.5557,688.1,0.3139,0.3349,0.6915,0.7522,0.6945,0.4485,0.0924,high,0.7086,0.2669,0.5341,0.4235,HIG-REP0087,high_pressure
0.6798,0.6834,558.76,0.3046,0.3383,0.4652,0.8623,0.4965,0.7165,0.0669,high,0.6181,0.0937,0.4573,0.5372,HIG-REP0088,high_pressure
0.652,0.6103,584.26,0.3127,0.3176,0.4374,0.7959,0.5749,0.6383,0.0588,high,0.6069,0.0779,0.6019,0.453,HIG-REP0089,high_pressure
0.657,0.5642,654.38,0.4544,0.3495,0.6822,0.7348,0.5588,0.5188,0.1431,high,0.7049,0.2437,0.4625,0.5254,HIG-REP0090,high_pressure
0.6198,0.6326,619.53,0.5255,0.3606,0.5173,0.9833,0.4045,0.5117,0.091,high,0.6389,0.1581,0.5145,0.5801,HIG-REP0091,high_pressure
0.5865,0.6669,588.94,0.4243,0.4131,0.6161,0.8467,0.7108,0.5807,0.1389,high,0.6785,0.307,0.4503,0.3956,HIG-REP0092,high_pressure
0.6465,0.6167,611.24,0.4863,0.298,0.594,0.7567,0.5692,0.6092,0.1866,high,0.6696,0.1944,0.4518,0.4854,HIG-REP0093,high_pressure
0.7087,0.6172,567.88,0.3424,0.2642,0.5268,0.9269,0.4852,0.6638,0.1565,high,0.6427,0.1306,0.5794,0.4581,HIG-REP0094,high_pressure
0.6195,0.6006,620.91,0.4338,0.2965,0.5839,0.7656,0.5536,0.5772,0.1047,high,0.6655,0.2519,0.4489,0.4902,HIG-REP0095,high_pressure
0.5873,0.6231,604.88,0.4095,0.3566,0.5607,0.7818,0.6015,0.5511,0.1105,high,0.6563,0.2039,0.5486,0.4779,HIG-REP0096,high_pressure
0.6307,0.6088,592.61,0.4279,0.297,0.5752,0.9465,0.6782,0.5143,0.1456,high,0.6621,0.2696,0.5566,0.4367,HIG-REP0097,high_pressure
0.7188,0.5863,619.19,0.35,0.1833,0.399,1.0,0.3626,0.6379,0.0332,high,0.5916,0.1161,0.639,0.5091,HIG-REP0098,high_pressure
0.6507,0.6381,601.43,0.3777,0.3602,0.561,0.7305,0.6685,0.6232,0.1465,high,0.6564,0.1354,0.5838,0.5614,HIG-REP0099,high_pressure
0.5044,0.5307,668.91,0.4628,0.3537,0.7545,0.6181,0.6681,0.4444,0.1178,high,0.7338,0.3325,0.4007,0.3228,HIG-REP0100,high_pressure
0.5483,0.4946,607.92,0.3663,0.4089,0.5627,0.6974,0.5992,0.4926,0.162,high,0.6571,0.2591,0.5271,0.3761,HIG-REP0101,high_pressure
0.6533,0.566,664.46,0.4604,0.311,0.6612,0.8258,0.5175,0.5521,0.1747,high,0.6965,0.2573,0.4928,0.5175,HIG-REP0102,high_pressure
0.6634,0.4737,568.41,0.3168,0.3141,0.4165,0.9442,0.428,0.6054,0.091,high,0.5986,0.0896,0.5354,0.4645,HIG-REP0103,high_pressure
0.6701,0.6179,626.58,0.4018,0.2901,0.5072,0.9722,0.7339,0.6244,0.0426,high,0.6349,0.1749,0.6011,0.655,HIG-REP0104,high_pressure
0.6645,0.5994,599.55,0.4057,0.3831,0.5512,0.7917,0.5936,0.5438,0.1569,high,0.6525,0.2238,0.5917,0.4708,HIG-REP0105,high_pressure
0.7091,0.6642,616.66,0.3716,0.2155,0.5825,0.732,0.6162,0.674,0.1074,high,0.665,0.1728,0.5448,0.4651,HIG-REP0106,high_pressure
0.5122,0.4887,595.12,0.3418,0.4232,0.5465,0.7446,0.659,0.4952,0.2209,high,0.6506,0.189,0.4848,0.544,HIG-REP0107,high_pressure
0.6716,0.5633,653.21,0.3238,0.2633,0.5614,0.7152,0.4686,0.6106,0.0379,high,0.6566,0.2304,0.5997,0.4213,HIG-REP0108,high_pressure
0.5401,0.5773,595.35,0.427,0.3686,0.5297,0.7848,0.5199,0.6096,0.1412,high,0.6439,0.1212,0.4065,0.5584,HIG-REP0109,high_pressure
0.6801,0.6489,597.63,0.3809,0.2864,0.4304,0.8808,0.6538,0.6376,0.1216,high,0.6041,0.0683,0.5598,0.6968,HIG-REP0110,high_pressure
0.6152,0.4904,564.13,0.4436,0.4135,0.537,0.8412,0.641,0.5204,0.2233,high,0.6468,0.1823,0.358,0.4084,HIG-REP0111,high_pressure
0.6285,0.7075,562.67,0.1947,0.3062,0.3385,0.947,0.3859,0.584,0.0983,high,0.5674,0.0133,0.5274,0.4391,HIG-REP0112,high_pressure
0.5614,0.6144,627.89,0.3965,0.3129,0.5993,0.6979,0.5398,0.5464,0.1772,high,0.6717,0.2123,0.4385,0.4853,HIG-REP0113,high_pressure
0.7147,0.6116,612.05,0.361,0.2755,0.471,0.8721,0.4546,0.7071,0.1403,high,0.6204,0.1879,0.606,0.42,HIG-REP0114,high_pressure
0.6422,0.6471,576.51,0.2665,0.3526,0.3552,1.0,0.305,0.605,0.0484,high,0.5741,0.0634,0.4255,0.4893,HIG-REP0115,high_pressure
0.6723,0.6925,556.28,0.3249,0.2831,0.4628,0.8785,0.4175,0.6066,0.0776,high,0.6171,0.0421,0.4352,0.534,HIG-REP0116,high_pressure
0.6254,0.5916,601.51,0.4068,0.2982,0.5066,0.9734,0.3294,0.5594,0.1602,high,0.6347,0.1244,0.3638,0.4407,HIG-REP0117,high_pressure
0.6383,0.6902,601.7,0.3238,0.339,0.5374,0.7741,0.5562,0.6233,0.0927,high,0.6469,0.1607,0.4901,0.4504,HIG-REP0118,high_pressure
0.6791,0.5916,536.1,0.3807,0.2752,0.4578,0.783,0.4259,0.634,0.0953,high,0.6151,0.1337,0.4855,0.5946,HIG-REP0119,high_pressure
0.4828,0.5684,620.97,0.3527,0.3844,0.5775,0.633,0.6045,0.4871,0.1412,high,0.663,0.1659,0.4899,0.6242,HIG-REP0120,high_pressure
0.5733,0.6464,627.45,0.3591,0.3698,0.6354,0.7503,0.5767,0.5607,0.1055,high,0.6862,0.2297,0.4908,0.5655,HIG-REP0121,high_pressure
0.5464,0.5815,634.8,0.3422,0.3228,0.6165,0.8223,0.612,0.5894,0.1368,high,0.6786,0.1792,0.5232,0.4536,HIG-REP0122,high_pressure
0.5645,0.5268,635.59,0.513,0.3436,0.6738,0.7072,0.682,0.4672,0.1235,high,0.7015,0.1866,0.6271,0.5578,HIG-REP0123,high_pressure
0.6481,0.6025,583.0,0.332,0.2841,0.5045,0.7907,0.4615,0.5837,0.0242,high,0.6338,0.1427,0.4315,0.4919,HIG-REP0124,high_pressure
0.7341,0.6954,593.04,0.1819,0.2398,0.3689,0.8823,0.5301,0.6584,0.1648,high,0.5796,0.0753,0.6467,0.5676,HIG-REP0125,high_pressure
0.6092,0.6566,528.78,0.2832,0.3419,0.4491,0.8547,0.6084,0.5391,0.1152,high,0.6116,0.0962,0.604,0.537,HIG-REP0126,high_pressure
0.4874,0.5502,620.41,0.3993,0.4359,0.5523,0.744,0.6314,0.4559,0.1401,high,0.6529,0.1368,0.4166,0.5797,HIG-REP0127,high_pressure
0.6222,0.4733,623.83,0.4295,0.3962,0.5584,0.8616,0.5819,0.5714,0.2231,high,0.6554,0.2707,0.4201,0.4336,HIG-REP0128,high_pressure
0.6781,0.6352,621.86,0.2744,0.3041,0.5518,0.7588,0.7007,0.5954,0.0887,high,0.6527,0.1698,0.3384,0.5471,HIG-REP0129,high_pressure
0.5736,0.5719,552.02,0.3118,0.3593,0.3662,0.9631,0.4571,0.64,0.0822,high,0.5785,0.0003,0.551,0.5968,HIG-REP0130,high_pressure
0.645,0.5603,641.48,0.4765,0.308,0.7008,0.6466,0.6581,0.5136,0.1048,high,0.7123,0.3033,0.535,0.4087,HIG-REP0131,high_pressure
0.7349,0.7025,577.54,0.2769,0.2873,0.3479,0.9851,0.4513,0.7171,0.04,high,0.5711,0.0,0.5262,0.4823,HIG-REP0132,high_pressure
0.6322,0.6459,579.87,0.4396,0.3334,0.5058,0.849,0.4392,0.6029,0.1148,high,0.6343,0.144,0.5521,0.4995,HIG-REP0133,high_pressure
0.6115,0.5748,593.3,0.3757,0.381,0.3908,0.8925,0.7152,0.5984,0.1522,high,0.5883,0.0676,0.5093,0.4845,HIG-REP0134,high_pressure
0.7862,0.7193,621.41,0.3111,0.2365,0.4267,0.8047,0.4328,0.6676,0.0912,high,0.6027,0.1306,0.4896,0.5321,HIG-REP0135,high_pressure
0.7323,0.5871,612.86,0.4036,0.2999,0.5045,0.8261,0.6646,0.6349,0.0135,high,0.6338,0.2537,0.6581,0.4268,HIG-REP0136,high_pressure
0.7784,0.7615,556.51,0.2017,0.2271,0.3433,1.0,0.2727,0.6992,0.01,high,0.5693,0.1299,0.5205,0.4473,HIG-REP0137,high_pressure
0.5771,0.6852,589.55,0.4561,0.3609,0.6125,0.8094,0.7131,0.5819,0.1087,high,0.677,0.2044,0.4377,0.6828,HIG-REP0138,high_pressure
0.6548,0.4586,594.88,0.4381,0.3754,0.6498,0.6479,0.5918,0.4446,0.1289,high,0.6919,0.2171,0.4567,0.5831,HIG-REP0139,high_pressure
0.6434,0.56,635.97,0.3814,0.34,0.5768,0.7884,0.7717,0.5254,0.0798,high,0.6627,0.2274,0.6574,0.4909,HIG-REP0140,high_pressure
0.6069,0.5555,630.73,0.3482,0.3918,0.5146,0.9262,0.7569,0.5078,0.0331,high,0.6378,0.2146,0.4605,0.4994,HIG-REP0141,high_pressure
0.6812,0.5355,627.98,0.4892,0.2532,0.5358,0.9108,0.6109,0.5501,0.1477,high,0.6463,0.2117,0.6014,0.5399,HIG-REP0142,high_pressure
0.563,0.6147,634.91,0.3746,0.3836,0.4886,0.8285,0.5758,0.5574,0.166,high,0.6274,0.0894,0.5193,0.6491,HIG-REP0143,high_pressure
0.6865,0.5813,625.8,0.4598,0.2977,0.5687,0.7458,0.5438,0.5719,0.0776,high,0.6595,0.095,0.4287,0.6308,HIG-REP0144,high_pressure
0.5904,0.6391,644.6,0.2447,0.3038,0.5852,0.7696,0.6102,0.5721,0.1141,high,0.6661,0.1777,0.5452,0.4404,HIG-REP0145,high_pressure
0.7391,0.6405,559.56,0.3025,0.2681,0.4409,0.8402,0.6109,0.6472,0.1117,high,0.6084,0.0826,0.5625,0.4496,HIG-REP0146,high_pressure
0.5338,0.6113,560.91,0.3373,0.4332,0.5041,0.6689,0.7237,0.5905,0.2027,high,0.6337,0.1495,0.6066,0.5564,HIG-REP0147,high_pressure
0.6703,0.7055,589.7,0.269,0.3084,0.5012,1.0,0.5348,0.6531,0.1178,high,0.6325,0.1824,0.5194,0.4797,HIG-REP0148,high_pressure
0.68,0.6607,561.4,0.1522,0.372,0.3211,0.9996,0.3263,0.7052,0.0558,high,0.5604,0.0,0.5042,0.543,HIG-REP0149,high_pressure
0.5589,0.5609,624.59,0.4941,0.4274,0.6517,0.6211,0.8733,0.5719,0.1018,high,0.6927,0.2676,0.5558,0.5021,HIG-REP0150,high_pressure
0.8099,0.655,571.79,0.2982,0.2112,0.4222,0.9714,0.5667,0.7096,0.1439,high,0.6009,0.078,0.6327,0.5844,HIG-REP0151,high_pressure
0.5079,0.5823,643.73,0.5444,0.4482,0.7029,0.6332,0.6896,0.5182,0.1107,high,0.7132,0.3745,0.4556,0.4016,HIG-REP0152,high_pressure
0.5719,0.6162,610.25,0.4609,0.3459,0.7286,0.7185,0.7285,0.5019,0.1081,high,0.7234,0.2941,0.5204,0.5055,HIG-REP0153,high_pressure
0.6886,0.6909,591.26,0.2605,0.2727,0.4468,0.9521,0.4738,0.6224,0.111,high,0.6107,0.0728,0.5857,0.6561,HIG-REP0154,high_pressure
0.6712,0.6818,575.54,0.3507,0.2808,0.4349,1.0,0.3986,0.6188,0.1719,high,0.606,0.0722,0.5757,0.55,HIG-REP0155,high_pressure
0.6625,0.7463,611.87,0.3618,0.3419,0.5058,0.7737,0.2407,0.6032,0.0962,high,0.6343,0.0424,0.4816,0.5312,HIG-REP0156,high_pressure
0.6864,0.5049,631.85,0.4436,0.3064,0.537,0.8428,0.5563,0.5565,0.0995,high,0.6468,0.232,0.6533,0.4977,HIG-REP0157,high_pressure
0.6931,0.5904,609.34,0.4331,0.2121,0.4726,0.8907,0.5912,0.6261,0.0601,high,0.6211,0.1319,0.5534,0.4487,HIG-REP0158,high_pressure
0.5724,0.562,633.43,0.3974,0.382,0.6683,0.6814,0.8301,0.5145,0.0858,high,0.6993,0.3207,0.5313,0.5085,HIG-REP0159,high_pressure
0.6835,0.5519,588.94,0.3472,0.3113,0.4496,0.9324,0.5494,0.6141,0.0254,high,0.6118,0.1085,0.4802,0.6058,HIG-REP0160,high_pressure
0.6119,0.6598,563.46,0.3673,0.3417,0.5528,0.8576,0.4399,0.5384,0.0433,high,0.6531,0.1512,0.509,0.4882,HIG-REP0161,high_pressure
0.6215,0.7237,632.77,0.382,0.3026,0.6707,0.8123,0.7828,0.6168,0.099,high,0.7003,0.2087,0.4298,0.6264,HIG-REP0162,high_pressure
0.6473,0.6455,623.81,0.3648,0.357,0.5876,0.7045,0.513,0.5991,0.125,high,0.6671,0.2336,0.536,0.3351,HIG-REP0163,high_pressure
0.579,0.7568,632.54,0.2099,0.3379,0.443,0.9948,0.6543,0.6069,0.1115,high,0.6092,0.1362,0.4457,0.6272,HIG-REP0164,high_pressure
0.7082,0.7215,582.55,0.2966,0.2475,0.4626,0.908,0.6393,0.5878,0.0946,high,0.617,0.0981,0.4555,0.4373,HIG-REP0165,high_pressure
0.6012,0.5076,630.92,0.5074,0.3559,0.6665,0.7058,0.5129,0.4462,0.1059,high,0.6986,0.2998,0.4518,0.3348,HIG-REP0166,high_pressure
0.4942,0.688,633.45,0.4605,0.4015,0.7128,0.6183,0.6571,0.4403,0.1713,high,0.7171,0.2982,0.4731,0.4563,HIG-REP0167,high_pressure
0.6167,0.6996,581.22,0.1801,0.3285,0.3882,0.872,0.4034,0.694,0.063,high,0.5873,0.0963,0.6028,0.5597,HIG-REP0168,high_pressure
0.6132,0.5979,608.76,0.4481,0.2884,0.4927,0.8772,0.5171,0.6098,0.1109,high,0.6291,0.1833,0.4057,0.4835,HIG-REP0169,high_pressure
0.6275,0.6482,616.82,0.2795,0.3516,0.5339,0.7922,0.5049,0.5879,0.1705,high,0.6456,0.1776,0.5278,0.4595,HIG-REP0170,high_pressure
0.5613,0.5284,625.94,0.4483,0.3893,0.6744,0.6713,0.7755,0.4879,0.1554,high,0.7018,0.2435,0.4127,0.5466,HIG-REP0171,high_pressure
0.6053,0.6509,618.92,0.3086,0.3673,0.5168,0.927,0.5141,0.6231,0.0935,high,0.6387,0.1521,0.5058,0.3893,HIG-REP0172,high_pressure
0.5185,0.5612,616.72,0.5092,0.3944,0.642,0.6093,0.705,0.4899,0.167,high,0.6888,0.239,0.4323,0.4506,HIG-REP0173,high_pressure
0.5645,0.5924,615.49,0.471,0.3099,0.6195,0.7973,0.7239,0.5492,0.152,high,0.6798,0.1887,0.3753,0.6097,HIG-REP0174,high_pressure
0.633,0.6435,610.08,0.3538,0.3528,0.5208,0.7495,0.51,0.5359,0.0979,high,0.6403,0.164,0.5595,0.514,HIG-REP0175,high_pressure
0.492,0.6108,645.84,0.5039,0.4329,0.611,0.6939,0.6735,0.4942,0.0982,high,0.6764,0.1653,0.5365,0.6326,HIG-REP0176,high_pressure
0.493,0.5921,623.65,0.42,0.3929,0.6641,0.7073,0.7118,0.4387,0.1646,high,0.6977,0.2566,0.4642,0.505,HIG-REP0177,high_pressure
0.6281,0.6382,636.22,0.46,0.3522,0.6255,0.7302,0.551,0.5544,0.1408,high,0.6822,0.2405,0.383,0.4575,HIG-REP0178,high_pressure
0.6477,0.6522,638.3,0.4355,0.2462,0.6768,0.6708,0.7298,0.5228,0.1622,high,0.7027,0.2416,0.5299,0.4944,HIG-REP0179,high_pressure
0.6785,0.5849,586.68,0.3067,0.266,0.442,0.8608,0.5631,0.5974,0.1053,high,0.6088,0.0922,0.4054,0.5615,HIG-REP0180,high_pressure
0.6097,0.6216,582.59,0.3325,0.3045,0.5595,0.7825,0.5938,0.5484,0.1265,high,0.6558,0.1955,0.4173,0.4005,HIG-REP0181,high_pressure
0.5755,0.6629,604.92,0.3843,0.2974,0.6126,0.7921,0.5626,0.5258,0.1184,high,0.677,0.2673,0.452,0.3897,HIG-REP0182,high_pressure
0.7111,0.5598,630.55,0.2841,0.2652,0.479,0.8026,0.5017,0.6275,0.1052,high,0.6236,0.2048,0.5818,0.3811,HIG-REP0183,high_pressure
0.5245,0.6322,571.71,0.2173,0.2925,0.5128,0.8652,0.4366,0.5504,0.1437,high,0.6371,0.1798,0.4837,0.4585,HIG-REP0184,high_pressure
0.6579,0.641,572.02,0.3193,0.3179,0.5452,0.8505,0.4278,0.6267,0.1093,high,0.6501,0.2056,0.2911,0.4894,HIG-REP0185,high_pressure
0.7398,0.6939,571.95,0.3934,0.2661,0.5447,0.7949,0.4187,0.6659,0.1685,high,0.6499,0.1493,0.6669,0.4656,HIG-REP0186,high_pressure
0.6219,0.5872,616.17,0.3594,0.266,0.4591,1.0,0.4268,0.5811,0.1026,high,0.6157,0.1628,0.4401,0.4766,HIG-REP0187,high_pressure
0.5612,0.6551,618.37,0.3822,0.325,0.5739,0.7491,0.4226,0.633,0.0688,high,0.6615,0.1478,0.4383,0.5275,HIG-REP0188,high_pressure
0.6115,0.6242,636.98,0.4157,0.3264,0.5048,0.8665,0.86,0.5449,0.0147,high,0.6339,0.1865,0.4914,0.4173,HIG-REP0189,high_pressure
0.6392,0.598,647.14,0.2974,0.3136,0.4722,1.0,0.5642,0.6114,0.0682,high,0.6209,0.2028,0.3805,0.4712,HIG-REP0190,high_pressure
0.6453,0.6238,608.76,0.3732,0.2726,0.5093,0.9115,0.552,0.5754,0.0769,high,0.6357,0.2323,0.4282,0.6796,HIG-REP0191,high_pressure
0.6337,0.7349,608.54,0.3251,0.3007,0.4849,0.8599,0.5073,0.7065,0.0664,high,0.626,0.1109,0.4436,0.549,HIG-REP0192,high_pressure
0.6346,0.5909,636.88,0.3796,0.3209,0.5648,0.8693,0.5349,0.4712,0.044,high,0.6579,0.2664,0.4036,0.5502,HIG-REP0193,high_pressure
0.5518,0.5857,657.68,0.4207,0.4296,0.6279,0.649,0.5659,0.5293,0.1819,high,0.6832,0.2406,0.5742,0.4653,HIG-REP0194,high_pressure
0.7009,0.5993,563.64,0.3706,0.2684,0.5791,0.7809,0.5415,0.6333,0.1535,high,0.6636,0.3186,0.5217,0.3508,HIG-REP0195,high_pressure
0.6036,0.6089,563.25,0.4029,0.3843,0.5031,0.85,0.5794,0.6562,0.0939,high,0.6332,0.1614,0.4045,0.4567,HIG-REP0196,high_pressure
0.7069,0.6579,599.05,0.244,0.3102,0.3593,1.0,0.2207,0.6395,0.0713,high,0.5757,0.0681,0.5912,0.5129,HIG-REP0197,high_pressure
0.5141,0.5154,620.37,0.6121,0.387,0.6045,0.776,0.4728,0.4506,0.171,high,0.6738,0.2137,0.3501,0.4499,HIG-REP0198,high_pressure
0.7056,0.6285,603.13,0.3691,0.354,0.4043,0.8881,0.4768,0.5818,0.1437,high,0.5937,0.0985,0.4515,0.4685,HIG-REP0199,high_pressure
0.6351,0.6599,608.82,0.2127,0.3927,0.3899,1.0,0.5327,0.6636,0.0507,high,0.588,0.0196,0.5735,0.4591,HIG-REP0200,high_pressure
0.6042,0.6049,625.62,0.5642,0.3047,0.5961,0.7914,0.6088,0.5632,0.0677,high,0.6704,0.2084,0.4741,0.5136,HIG-REP0201,high_pressure
0.6235,0.6639,623.89,0.3195,0.284,0.562,0.8174,0.4575,0.57,0.1514,high,0.6568,0.168,0.5533,0.5085,HIG-REP0202,high_pressure
0.5766,0.6071,598.03,0.3386,0.3194,0.434,0.8905,0.4256,0.5839,0.0849,high,0.6056,0.1204,0.4673,0.5622,HIG-REP0203,high_pressure
0.5208,0.6208,629.42,0.5269,0.3775,0.6598,0.8655,0.7949,0.5332,0.1847,high,0.6959,0.3084,0.4128,0.4923,HIG-REP0204,high_pressure
0.6155,0.5326,645.22,0.4388,0.3547,0.595,0.9583,0.7612,0.5,0.119,high,0.67,0.1987,0.4934,0.4844,HIG-REP0205,high_pressure
0.7085,0.6349,576.34,0.3876,0.2433,0.4771,0.9962,0.4525,0.6494,0.1305,high,0.6228,0.1284,0.4224,0.5411,HIG-REP0206,high_pressure
0.4738,0.5042,605.0,0.533,0.3794,0.6029,0.7795,0.7746,0.4564,0.136,high,0.6732,0.2322,0.4611,0.4967,HIG-REP0207,high_pressure
0.6445,0.537,624.79,0.4569,0.3436,0.6207,0.6839,0.5526,0.5204,0.1587,high,0.6803,0.2507,0.4999,0.5554,HIG-REP0208,high_pressure
0.5176,0.7028,629.67,0.4484,0.4526,0.694,0.7664,0.7451,0.5362,0.1542,high,0.7096,0.2855,0.5888,0.5144,HIG-REP0209,high_pressure
0.5841,0.6135,622.55,0.2966,0.3878,0.504,0.7256,0.7485,0.6006,0.1764,high,0.6336,0.1359,0.5889,0.5556,HIG-REP0210,high_pressure
0.7018,0.622,569.29,0.377,0.3369,0.4139,1.0,0.3534,0.6633,0.0545,high,0.5975,0.0545,0.3546,0.4915,HIG-REP0211,high_pressure
0.5624,0.4486,625.53,0.3703,0.3986,0.5562,0.7158,0.4301,0.4282,0.1619,high,0.6545,0.1586,0.4085,0.3937,HIG-REP0212,high_pressure
0.6342,0.6843,565.18,0.4255,0.3876,0.3798,0.8043,0.5049,0.5904,0.0692,high,0.5839,0.0371,0.6451,0.5508,HIG-REP0213,high_pressure
0.6389,0.7316,583.87,0.2568,0.3743,0.5719,0.8927,0.6828,0.6762,0.1652,high,0.6608,0.2557,0.5628,0.418,HIG-REP0214,high_pressure
0.5874,0.5723,630.3,0.4544,0.3335,0.539,0.8947,0.6058,0.5194,0.1156,high,0.6476,0.1152,0.47,0.5243,HIG-REP0215,high_pressure
0.5682,0.6412,612.51,0.3634,0.4329,0.5327,0.7633,0.5931,0.482,0.0913,high,0.6451,0.1504,0.4958,0.5339,HIG-REP0216,high_pressure
0.5632,0.5679,655.12,0.5079,0.4127,0.6732,0.7691,0.6192,0.4414,0.1454,high,0.7013,0.3631,0.4783,0.5539,HIG-REP0217,high_pressure
0.617,0.636,620.03,0.4429,0.3403,0.5244,0.8779,0.3576,0.4947,0.1937,high,0.6417,0.177,0.4238,0.5283,HIG-REP0218,high_pressure
0.6279,0.6367,629.16,0.3701,0.3125,0.7045,0.797,0.6287,0.5978,0.1139,high,0.7138,0.2519,0.564,0.5207,HIG-REP0219,high_pressure
0.5891,0.5979,619.93,0.4184,0.3255,0.5194,0.9492,0.5339,0.5691,0.1553,high,0.6398,0.1515,0.4744,0.4361,HIG-REP0220,high_pressure
0.734,0.5995,611.07,0.3288,0.2957,0.5008,0.6864,0.3602,0.6292,0.1211,high,0.6323,0.2141,0.5574,0.3314,HIG-REP0221,high_pressure
0.6301,0.688,626.32,0.2941,0.334,0.484,0.882,0.3993,0.5326,0.1571,high,0.6256,0.1736,0.5831,0.4879,HIG-REP0222,high_pressure
0.4332,0.5242,706.21,0.3542,0.452,0.7535,0.5805,0.8995,0.432,0.181,high,0.7334,0.3278,0.5035,0.6171,HIG-REP0223,high_pressure
0.5884,0.5522,617.75,0.4036,0.3699,0.6122,0.6734,0.7026,0.5179,0.1767,high,0.6769,0.2506,0.4904,0.515,HIG-REP0224,high_pressure
0.6551,0.6536,606.63,0.4793,0.2961,0.6482,0.8542,1.0,0.5832,0.0908,high,0.6913,0.2453,0.4821,0.449,HIG-REP0225,high_pressure
0.7284,0.7829,603.89,0.3319,0.2348,0.5346,0.7807,0.6688,0.6696,0.154,high,0.6458,0.1801,0.5402,0.4843,HIG-REP0226,high_pressure
0.5967,0.6016,610.94,0.3273,0.3038,0.4566,0.8978,0.4327,0.6249,0.1928,high,0.6146,0.0451,0.4269,0.3896,HIG-REP0227,high_pressure
0.4231,0.6191,663.32,0.3937,0.4213,0.6096,0.7514,0.7225,0.5039,0.06,high,0.6758,0.2839,0.5779,0.5182,HIG-REP0228,high_pressure
0.6306,0.7565,577.92,0.2065,0.3629,0.3646,0.9494,0.3454,0.7562,0.0169,high,0.5778,0.0477,0.7218,0.4451,HIG-REP0229,high_pressure
0.7206,0.6284,586.71,0.3107,0.2879,0.4578,0.8355,0.342,0.6662,0.1126,high,0.6151,0.1025,0.4516,0.5696,HIG-REP0230,high_pressure
0.6651,0.7276,610.51,0.2715,0.2905,0.5097,0.7196,0.7212,0.7057,0.1685,high,0.6359,0.1401,0.3909,0.3485,HIG-REP0231,high_pressure
0.5228,0.5702,618.54,0.3705,0.3694,0.6074,0.8835,0.6438,0.5414,0.1376,high,0.675,0.1958,0.3822,0.5319,HIG-REP0232,high_pressure
0.5251,0.6487,572.9,0.3859,0.3336,0.4544,0.9463,0.7991,0.5734,0.0292,high,0.6138,0.0828,0.5821,0.4867,HIG-REP0233,high_pressure
0.6774,0.653,641.87,0.3212,0.3119,0.5481,0.8664,0.4368,0.5951,0.0512,high,0.6512,0.1793,0.4285,0.3948,HIG-REP0234,high_pressure
0.683,0.5602,569.59,0.3692,0.2263,0.4503,0.8293,0.5634,0.6653,0.1848,high,0.6121,0.057,0.5309,0.4414,HIG-REP0235,high_pressure
0.7244,0.675,551.67,0.2952,0.2792,0.3982,0.8813,0.6671,0.6597,0.0594,high,0.5913,0.1063,0.5203,0.3645,HIG-REP0236,high_pressure
0.5243,0.6026,577.78,0.331,0.4161,0.5721,0.73,0.5404,0.5354,0.1603,high,0.6608,0.2135,0.5809,0.4323,HIG-REP0237,high_pressure
0.5591,0.6109,609.76,0.4294,0.3725,0.5447,0.8016,0.5646,0.5685,0.1509,high,0.6499,0.1899,0.4891,0.4327,HIG-REP0238,high_pressure
0.6987,0.6736,594.32,0.223,0.2786,0.2752,1.0,0.5058,0.7853,0.01,medium,0.5421,0.0,0.4986,0.5407,HIG-REP0239,high_pressure
0.6616,0.6821,569.06,0.2691,0.3103,0.3076,0.9916,0.3948,0.6039,0.0773,high,0.5551,0.0,0.431,0.4165,HIG-REP0240,high_pressure
0.4979,0.6351,583.93,0.3017,0.398,0.5087,0.7796,0.4257,0.5526,0.0223,high,0.6355,0.135,0.4835,0.5459,HIG-REP0241,high_pressure
0.6908,0.6543,635.25,0.2974,0.3171,0.6006,0.652,0.6506,0.513,0.093,high,0.6722,0.2173,0.4266,0.4965,HIG-REP0242,high_pressure
0.6325,0.7251,604.44,0.3937,0.3459,0.4309,0.8328,0.4718,0.6486,0.017,high,0.6044,0.0932,0.6133,0.484,HIG-REP0243,high_pressure
0.5444,0.602,541.23,0.3217,0.3866,0.3685,0.9442,0.4662,0.5519,0.1068,high,0.5794,0.0267,0.5387,0.5743,HIG-REP0244,high_pressure
0.5878,0.6466,550.56,0.2379,0.3701,0.3634,1.0,0.5186,0.6101,0.01,high,0.5774,0.0795,0.499,0.5831,HIG-REP0245,high_pressure
0.5009,0.6019,650.32,0.5248,0.4206,0.6643,0.8273,0.5112,0.5019,0.1433,high,0.6977,0.1921,0.386,0.425,HIG-REP0246,high_pressure
0.5238,0.7068,639.37,0.391,0.4332,0.5943,0.8192,0.4458,0.5363,0.0903,high,0.6697,0.2002,0.6538,0.5747,HIG-REP0247,high_pressure
0.682,0.7273,577.0,0.3262,0.2586,0.3953,0.9616,0.452,0.687,0.0854,high,0.5901,0.0639,0.6584,0.6269,HIG-REP0248,high_pressure
0.5757,0.6939,593.54,0.3726,0.3406,0.583,0.8981,0.8366,0.4844,0.1034,high,0.6652,0.1812,0.6059,0.4567,HIG-REP0249,high_pressure
0.7656,0.6581,577.0,0.3665,0.2674,0.4326,0.9276,0.5492,0.6999,0.1394,high,0.605,0.1279,0.5213,0.484,HIG-REP0250,high_pressure
