rep_id,policy_accuracy,discovery_skill,conflict_tolerance,technical_skill,credit_discipline,ownership_bias,emotional_regulation,aht_pressure_bias,strain_tier,weakness_tags,strength_tags
REP00001,0.6631547260686333,0.5752753977968177,0.541625371655104,0.7065428992901754,0.4566375968992248,0.6631271037025165,0.7830553702468311,0.5296369742043923,low,none,balanced
REP00002,0.7838651414810356,0.7325581395348838,0.7695738354806739,0.7652438472776009,0.41182170542635654,0.5679571045039268,0.35957304869913265,0.45053809584785426,medium,none,policy_expert|deescalation_strong
REP00003,0.5228777844671885,0.23347613219094254,0.6015857284440039,0.3899197303918517,0.40067829457364335,0.6453418015707646,0.2511007338225484,0.5517144198612685,medium,discovery_gap|reactive_under_stress,balanced
REP00004,0.769416014449127,0.7741738066095472,0.6015857284440039,0.7461637557770862,0.7814922480620154,0.6715073529411764,0.6262841894596397,0.6385442514474773,low,none,thorough_probe|policy_expert
REP00005,0.6225165562913909,0.6621787025703794,0.6486620416253717,0.5756641231967017,0.9636627906976744,0.7277573529411765,0.6056037358238825,0.6343389248234708,low,none,balanced
REP00006,0.5198675496688743,0.42288861689106483,0.9479682854311199,0.5111055421352367,0.8468992248062015,0.6868303213656033,0.47058038692461635,0.5164711894634961,medium,none,deescalation_strong
REP00007,0.5078266104756172,0.3641370869033047,0.5346878097125867,0.44994308191274657,0.629360465116279,0.6071686167655072,0.3842561707805203,0.5360483265328725,medium,none,balanced
REP00008,0.5806742925948225,0.2383720930232559,0.4653121902874132,0.37043088768147525,0.48909883720930225,0.5643512582144573,0.5322214809873248,0.5715101637763265,medium,discovery_gap,balanced
REP00009,0.7998193859121011,0.412484700122399,0.39444995044598596,0.5396946391926097,0.3401162790697674,0.5977194862958808,0.5252835223482322,0.5540783731497727,medium,credit_leak_risk,policy_expert
REP00010,0.5969295605057194,0.5354957160342717,0.6417244796828543,0.5705905039914867,0.5748546511627908,0.5632638443660842,0.3452968645763842,0.5348477769587232,medium,reactive_under_stress,balanced
REP00011,0.9921733895243827,0.9274785801713586,0.7333994053518336,0.9489402927770797,0.8478682170542635,0.8134191176470588,0.3799866577718478,0.48829005609947707,low,none,thorough_probe|policy_expert|accountability_driven
REP00012,0.5909090909090908,0.5079559363525092,0.5188305252725469,0.4119420006516781,0.711482558139535,0.5005830261259816,0.6476317545030019,0.5984358362951965,medium,none,balanced
REP00013,0.36213124623720655,0.5437576499388005,0.5069375619425173,0.37130549077782576,0.7342538759689923,0.7716235574611314,0.4896597731821214,0.5488117362459379,medium,none,accountability_driven
REP00014,0.5475617098133655,0.3665850673194615,0.42467789890981167,0.4765655254332888,0.44767441860465107,0.37963415611476187,0.5870580386924615,0.5245514522070063,medium,none,balanced
REP00015,0.5885009030704393,0.8197674418604651,0.3602576808721506,0.5760260236333724,0.653343023255814,0.5439423385157879,0.5690460306871248,0.40037226611663107,medium,none,thorough_probe
REP00016,0.25225767609873584,0.7019583843329253,0.711595639246779,0.5274246748290756,0.5772771317829457,0.4313106066677351,0.5102068045363575,0.3120932845592044,medium,policy_confusion,balanced
REP00017,0.4617700180614089,0.41707466340269284,0.49058473736372643,0.47695614219861177,0.783187984496124,0.7476102941176471,0.5084723148765844,0.4956304010022461,low,none,balanced
REP00018,0.6393738711619505,0.5602815177478581,0.7849355797819624,0.5391520582719044,0.6756298449612403,0.5306774923866003,0.23882588392261506,0.4474804840036315,medium,reactive_under_stress,deescalation_strong
REP00019,0.6610475617098133,0.10067319461444324,0.6159563924677899,0.35464840175372103,0.23643410852713165,0.4076113960570605,0.2839226150767178,0.617716383285286,medium,discovery_gap|credit_leak_risk|reactive_under_stress,balanced
REP00020,0.5981336544250453,0.31211750305997554,0.5733399405351833,0.5199104996690983,0.8209786821705426,0.5022719987177432,0.6236157438292194,0.4237867320064648,medium,discovery_gap,balanced
REP00021,0.44972907886815183,0.7172582619339045,0.7784935579781962,0.516841379798013,0.6879844961240309,0.5428083426831224,0.1456971314209473,0.4869631875300657,medium,reactive_under_stress,deescalation_strong
REP00022,0.3865141481035521,0.6040391676866586,0.6174430128840436,0.49295379310333387,0.08018410852713187,0.4903379948709728,0.37838559039359565,0.39932699085081313,medium,credit_leak_risk,balanced
REP00023,0.8711619506321494,0.6915544675642595,0.6892963330029731,0.761745849868046,0.6184593023255813,0.38110875140246825,0.5320880587058039,0.42223122028763815,medium,none,policy_expert
REP00024,0.3841059602649006,0.45379436964504294,0.7368681863230921,0.38339568760419007,0.6005329457364341,0.7759331423305016,0.8689793195463642,0.4684899285115238,low,none,accountability_driven
REP00025,0.7438290186634559,0.46175030599755207,0.4117938553022794,0.5835218983584718,0.5850290697674418,0.5757843805096972,0.6032021347565043,0.5829532804293232,medium,none,balanced
REP00026,0.3687537627934979,0.1300489596083232,0.6090188305252724,0.34056656984450184,0.6065891472868217,0.39705080942458726,0.5308872581721147,0.48774336594555256,medium,discovery_gap,balanced
REP00027,0.5791691751956651,0.4039167686658507,0.5555004955401387,0.5920384061806834,0.4665697674418604,0.7144384116044236,0.3974649766511006,0.47774143943667496,medium,none,balanced
REP00028,0.6258278145695365,0.9415544675642594,0.5822596630327056,0.6077857021565631,0.584544573643411,0.6256957244750762,0.3307538358905938,0.4233987769552624,medium,reactive_under_stress,thorough_probe
REP00029,0.9370860927152317,0.27998776009791926,0.761645193260654,0.6378289575790109,1.0,0.7365808823529412,0.8160106737825217,0.6291799186251879,low,discovery_gap,policy_expert|deescalation_strong
REP00030,0.6041541240216738,0.16585067319461455,0.5277502477700693,0.43538282434885733,0.5525678294573643,0.8168877223914088,0.34756504336224137,0.6350345444960103,medium,discovery_gap|reactive_under_stress,accountability_driven
REP00031,0.6685731487055991,0.7506119951040392,0.5753221010901883,0.6647249531782752,0.750968992248062,0.6742231327135759,0.8637758505670446,0.37318784153714635,low,none,thorough_probe
REP00032,0.3103552077062012,0.5942472460220318,0.35084241823587714,0.4937494262958908,0.6775678294573644,0.5743693901266227,0.42948632421614397,0.3511073965251316,medium,policy_confusion,balanced
REP00033,0.4686935580975316,0.35862913096695226,0.6050545094152626,0.33966798114416147,0.4517926356589147,0.5693019714697869,0.6312208138759172,0.561345464571271,medium,none,balanced
REP00034,0.8750752558699579,0.49785801713586286,0.8984142715559961,0.6039285846485164,0.469234496124031,0.520375360634717,0.3384923282188126,0.6347248033980386,medium,reactive_under_stress,policy_expert|deescalation_strong
REP00035,0.445815773630343,0.49571603427172584,0.32011892963330024,0.4110799298259241,0.45155038759689925,0.5413011900945663,0.7136757838559039,0.3994151257479643,low,escalation_prone,balanced
REP00036,0.6405779650812765,0.4026927784577723,0.3592666005946481,0.5374105706299682,0.6448643410852712,0.7335430357429076,0.4508338892595063,0.382460001868829,medium,none,balanced
REP00037,0.2537627934978928,0.7031823745410036,0.3364717542120912,0.44119074331635744,0.49612403100775193,0.5170279692258375,0.44803202134756503,0.3237659672401204,medium,policy_confusion|escalation_prone,balanced
REP00038,0.4271523178807946,0.5278457772337821,0.6833498513379583,0.5305047500625368,0.4401647286821705,0.7448529411764706,0.3562374916611074,0.3568510462558242,medium,none,balanced
REP00039,0.6818181818181818,0.6031211750305998,0.7938553022794846,0.6192382885931272,0.7085755813953488,0.37460029652187843,0.3550366911274182,0.44147554429643787,medium,none,deescalation_strong
REP00040,0.76580373269115,0.7359241126070992,0.5317145688800793,0.6364171682479736,0.36676356589147285,0.5969866965859913,0.5094062708472313,0.35806070925520256,medium,none,policy_expert
REP00041,0.5761589403973508,0.4749082007343941,1.0,0.6481566689855516,0.9583333333333333,0.8729779411764704,0.38799199466310863,0.43727287094813083,medium,none,accountability_driven|deescalation_strong
REP00042,0.5725466586393738,0.4813341493268053,0.352824578790882,0.5324823174641589,0.6579457364341086,0.7426470588235294,0.30860573715810535,0.5323126297076899,low,reactive_under_stress,balanced
REP00043,0.8290186634557497,0.7163402692778458,0.9117938553022795,0.786579913475876,0.5898740310077519,0.6544117647058822,0.38812541694462965,0.43239245869830295,low,none,policy_expert|deescalation_strong
REP00044,0.7128236002408187,0.4703182374541003,0.5069375619425173,0.494818196591322,0.7730135658914729,0.5226473593524604,0.37905270180120076,0.5589436732640943,medium,none,balanced
REP00045,0.39494280553883215,0.3310893512851898,0.5089197224975222,0.38357562113169896,0.5569282945736433,0.5637111315916011,0.21921280853902603,0.4412319043713294,medium,discovery_gap|reactive_under_stress,balanced
REP00046,0.888621312462372,0.46236230110159116,0.5292368681863231,0.628347049944999,0.659641472868217,0.39956573569482284,0.28498999332888597,0.5897432436641508,high,reactive_under_stress,policy_expert
REP00047,0.5105358217941001,0.6028151774785802,0.9157581764122894,0.5032690137368625,0.7526647286821705,0.6972426470588234,0.7168779186124082,0.47654561961485975,low,none,deescalation_strong
REP00048,0.27092113184828426,0.5954712362301102,0.6823587710604558,0.35602852842758853,0.6773255813953489,0.498385157877865,0.6277518345563708,0.3928211588354657,medium,policy_confusion,balanced
REP00049,0.5337146297411197,0.41279069767441867,1.0,0.4314561568887566,0.525920542635659,0.881119770796602,0.5650433622414943,0.5783579222774796,low,none,accountability_driven|deescalation_strong
REP00050,0.7564720048163758,0.6006731946144431,0.7898909811694748,0.6695235678893018,0.7432170542635659,0.8830882352941176,0.5946631087391594,0.5723107608787188,low,none,policy_expert|accountability_driven|deescalation_strong
REP00051,0.3904274533413606,0.4473684210526315,0.7284440039643212,0.5031817443161173,0.591812015503876,0.32778890847892284,0.3791861240827218,0.3793402110853859,medium,none,balanced
REP00052,0.4229379891631548,0.8858629130966952,0.5887016848364717,0.5936029896187982,0.6320251937984496,0.5897058823529411,0.5094062708472313,0.28453267162944584,medium,none,thorough_probe
REP00053,0.601444912703191,0.6012851897184822,0.40287413280475703,0.585392982957606,0.3481104651162791,0.26335600657156594,0.4940627084723148,0.5303922349002657,high,credit_leak_risk,balanced
REP00054,0.5614087898856113,0.5905752753977968,0.5163528245787907,0.6024579102447079,0.6296027131782944,0.332514725917615,0.3047364909939959,0.35802333267578246,high,reactive_under_stress,balanced
REP00055,0.7639975918121613,0.7695838433292534,0.7021803766105055,0.7001680818173021,0.7126937984496124,0.6551310306138803,0.44202801867911945,0.5359450795002151,medium,none,thorough_probe|policy_expert
REP00056,0.44521372667068027,0.45195838433292523,0.19970267591674917,0.37700443708775255,0.2960271317829457,0.4838976598813913,0.2397598398932621,0.592603820947727,high,escalation_prone|credit_leak_risk|reactive_under_stress,balanced
REP00057,0.5192655027092115,0.5716034271725826,0.48216055500495525,0.7102806697444595,0.7143895348837209,0.6035808022118928,0.5495663775850567,0.3418207008570082,medium,none,balanced
REP00058,0.6794099939795303,0.46358629130966955,0.45292368681863227,0.5386297281725608,0.43943798449612403,0.5933077215899984,0.7603735823882588,0.4832231070319882,medium,none,balanced
REP00059,0.5936183022275737,0.5501835985312118,0.48810703666997024,0.6229740256657582,0.5583817829457364,0.6521472792114119,0.35476984656437627,0.4880610668706228,medium,none,balanced
REP00060,0.48254063816977744,0.660342717258262,0.45292368681863227,0.5205645016048777,0.47311046511627897,0.46639385318159965,0.2372248165443629,0.3791437533238046,medium,reactive_under_stress,balanced
REP00061,0.613485851896448,0.5446756425948591,0.5218037661050545,0.6562052915396217,0.6189437984496124,0.7176470588235293,0.6466977985323548,0.5840104377558826,low,none,balanced
REP00062,0.0776640577965081,0.5385556915544675,0.4464816650148661,0.4046991367008457,0.7015503875968991,0.3523140727680717,1.0,0.3381775226018715,low,policy_confusion,balanced
REP00063,0.5629139072847682,0.45838433292533654,0.3577799801783944,0.6047268736864977,0.5571705426356588,0.7300924627344125,0.3745163442294862,0.43084444536732286,low,none,balanced
REP00064,0.6035520770620108,0.8577111383108935,0.7646184340931615,0.6956277065762217,0.6233042635658914,0.6490187730405513,0.5745163442294863,0.3192585132658018,low,none,thorough_probe|deescalation_strong
REP00065,0.947019867549669,0.4155446756425949,1.0,0.6910450867938585,0.7877906976744186,0.8488970588235294,0.5215476984656437,0.5275136614858575,low,none,policy_expert|accountability_driven|deescalation_strong
REP00066,0.8534015653220952,0.6698286413708691,0.7809712586719524,0.7479028780566914,0.6448643410852712,0.35769003446065084,0.5038025350233488,0.46610613333517914,high,none,policy_expert|deescalation_strong
REP00067,0.6628537025888019,0.8056915544675642,0.4747274529236867,0.6283664708146657,0.47916666666666663,0.5768903269754768,0.34342895263509,0.41142858131655546,medium,reactive_under_stress,thorough_probe
REP00068,0.741119807344973,0.7270501835985312,0.8330029732408325,0.7744749850069227,0.9949127906976744,0.6968749999999999,0.6414943295530353,0.523421041399176,low,none,deescalation_strong
REP00069,0.5141481035520771,0.7056303549571603,0.9281466798810704,0.6754639056497633,0.8711240310077519,0.6437299647379386,0.29886591060707135,0.26180540414580106,medium,reactive_under_stress,deescalation_strong
REP00070,0.7971101745936182,0.41523867809057535,0.5277502477700693,0.5794208165496351,0.8643410852713178,0.6547794117647058,0.724349566377585,0.4941691382506608,low,none,policy_expert
REP00071,0.39343768813967483,0.5211138310893513,0.4360753221010901,0.40653411840124076,0.6705426356589147,0.505140046481808,0.6232154769846565,0.4115236378024879,medium,none,balanced
REP00072,0.8127633955448524,0.5379436964504284,0.6972249752229931,0.708421951425583,0.7609011627906976,0.8161489221029012,0.38945963975983977,0.47648136419900505,medium,none,policy_expert|accountability_driven
REP00073,0.324503311258278,0.2597919216646267,0.29484638255698714,0.351112973522715,0.4358042635658915,0.47919989180958467,0.34262841894596396,0.5260619735987532,high,discovery_gap|policy_confusion|escalation_prone,balanced
REP00074,1.0,0.505201958384333,0.4638255698711595,0.7834298318169286,0.8045058139534883,0.74102420259657,0.6664442961974649,0.5451615210422067,low,none,policy_expert
REP00075,0.6393738711619505,0.6083231334149327,0.4157581764122893,0.6499874594298862,0.3856589147286822,0.4824991985895174,0.5649099399599733,0.4335767425388157,medium,none,balanced
REP00076,0.576760987357014,0.4568543451652388,0.26610505450941524,0.5208039841665135,0.7953003875968991,0.4043666853662444,0.476851234156104,0.4917048219248247,medium,escalation_prone,balanced
REP00077,0.9563515954244433,0.4987760097919217,0.6853320118929633,0.6932295611530819,0.7625968992248062,0.5000330581824011,0.4370913942628418,0.5786700859315246,medium,none,policy_expert
REP00078,0.5686333534015654,0.6563647490820074,0.5257680872150643,0.7269690064498866,0.7645348837209303,0.773884536784741,0.44523015343562367,0.3800812825242574,medium,none,accountability_driven
REP00079,0.399157134256472,0.7763157894736842,0.5336967294350842,0.6007365489313791,0.5394864341085271,0.8354483891649302,0.4544362908605737,0.28377925669058074,medium,none,thorough_probe|accountability_driven
REP00080,0.6809151113786875,0.7298041615667075,1.0,0.7660158683444306,0.7000968992248062,0.733101759096009,0.7563709139426285,0.46063415596416,low,none,deescalation_strong
REP00081,0.38229981938591195,0.3567931456548349,0.5614469772051536,0.44425164666566064,0.8287306201550387,0.7481617647058824,0.36064042695130083,0.4756290859003776,medium,none,balanced
REP00082,0.7916917519566525,0.5859853121175029,0.7051536174430129,0.7351069733039397,0.8597383720930232,0.8234001843244109,0.31901267511674447,0.4486050114609974,medium,reactive_under_stress,policy_expert|accountability_driven
REP00083,0.5129440096327516,0.5156058751529988,0.5485629335976214,0.43554561937386127,0.8137112403100775,0.6417279411764705,0.09499666444296206,0.476853861035262,medium,reactive_under_stress,balanced
REP00084,0.6074653822998195,0.7628518971848226,0.5911793855302279,0.7720260465400393,0.6339631782945736,0.7695794598493347,0.45350233488992653,0.36657414809662087,medium,none,thorough_probe|accountability_driven
REP00085,0.6231186032510536,0.7493880048959608,0.66402378592666,0.7695135337733072,0.49491279069767435,0.5981432320884756,0.30913942628418956,0.4195910956067524,medium,reactive_under_stress,balanced
REP00086,0.7552679108970498,0.6422888616891065,0.666005946481665,0.6170880497413288,0.8306686046511628,0.6790556379227439,0.5897264843228819,0.49011354866396045,medium,none,policy_expert
REP00087,0.8750752558699579,0.9332925336597307,0.5019821605550049,0.8549624969727512,0.6521317829457365,0.5936808783458889,0.5298198799199466,0.43989730669444543,low,none,thorough_probe|policy_expert
REP00088,0.3214930764599637,0.1376988984088129,0.2492566897918731,0.2488358682547957,0.0,0.25064363279371704,0.46030687124749825,0.5538911441732335,high,discovery_gap|policy_confusion|escalation_prone,balanced
REP00089,0.3594220349187237,0.5171358629130968,0.5445986124876114,0.3021262366487746,0.6962209302325582,0.41344766789549614,0.2887258172114744,0.5637772494298341,medium,reactive_under_stress,balanced
REP00090,0.5933172787477423,0.7597919216646267,0.3647175421209118,0.6887181927237471,0.595687984496124,0.7337574130469626,0.1881254169446298,0.3182612276822022,medium,reactive_under_stress,thorough_probe
REP00091,0.4617700180614089,0.26193390452876375,0.6481665014866204,0.3799062386970954,0.5528100775193798,0.48244460250040067,0.2616410940627084,0.4596259111983232,high,discovery_gap|reactive_under_stress,balanced
REP00092,0.6414810355207706,0.5575275397796817,0.9350842418235877,0.6333956046090206,0.6012596899224806,0.8814338235294118,0.44389593062041355,0.47981353239822677,low,none,accountability_driven|deescalation_strong
REP00093,0.5608067429259481,0.4987760097919217,0.6541129831516352,0.6222837133433159,0.7633236434108527,0.7596564954319601,0.5020680453635756,0.5715087794585704,medium,none,accountability_driven
REP00094,0.4735099337748346,0.4960220318237454,0.06590683845391465,0.4307169189138853,0.506298449612403,0.644316497034781,0.5298198799199466,0.4848386058535878,medium,escalation_prone,balanced
REP00095,0.3452739313666465,0.46481028151774795,0.6407333994053517,0.36852888738169653,0.46051356589147285,0.5145506090719666,0.43362241494329545,0.4548751633783352,medium,policy_confusion,balanced
REP00096,0.4376881396748947,0.580171358629131,0.554013875123885,0.5243306979047206,0.9808624031007751,0.6366464978361918,0.6652434956637758,0.4387253663539262,low,none,balanced
REP00097,0.3750752558699578,0.6407588739290085,0.5198216055500495,0.6351527368404104,0.618701550387597,0.6508975797403428,0.3283522348232155,0.2299302188491014,high,reactive_under_stress,balanced
REP00098,0.8988561107766407,0.5244798041615666,0.7264618434093162,0.6148540272659051,0.7415213178294573,0.6124098413207244,0.6068045363575716,0.5259268872577012,medium,none,policy_expert
REP00099,0.8043347381095727,0.5342717258261934,0.8979187314172448,0.7014505231766501,0.5954457364341086,0.18757413046962657,0.495797198132088,0.5036457161710233,medium,none,policy_expert|deescalation_strong
REP00100,0.6152919927754364,0.6061811505507957,0.8706640237859267,0.5391045020397722,0.47916666666666663,0.8240808823529412,0.49379586390927277,0.5550129029950869,medium,none,accountability_driven|deescalation_strong
REP00101,0.49668874172185423,0.6517747858017136,0.7051536174430129,0.4603653248173648,0.6429263565891472,0.7799632352941176,0.6947298198799199,0.46789536403519405,medium,none,accountability_driven
REP00102,0.17820590006020462,0.5281517747858018,0.811199207135778,0.23329925551673042,0.6247577519379846,0.7410332184644974,0.44989993328885924,0.3926237781953803,high,policy_confusion,deescalation_strong
REP00103,0.52528597230584,0.4265605875152999,0.6119920713577799,0.47438823015622844,0.46220930232558133,0.5269774803654432,0.3039359573048699,0.4803049652017125,medium,reactive_under_stress,balanced
REP00104,0.5731487055990366,0.693390452876377,0.6813676907829533,0.6211483809219336,0.6126453488372093,0.4495607268793075,0.504736490993996,0.4280480081397884,medium,none,balanced
REP00105,0.2549668874172187,0.5575275397796817,0.31714568880079286,0.35839052945440475,0.36409883720930225,0.5924406956242987,0.3538358905937291,0.5764848249933957,medium,policy_confusion|escalation_prone,balanced
REP00106,0.5574954846478024,0.7322521419828641,0.6020812685827551,0.5474270916484117,0.5319767441860466,0.5496098132713576,0.42868579052701805,0.46479345402276984,medium,none,balanced
REP00107,0.5972305839855507,0.4620563035495716,0.0,0.5479949445982344,0.508236434108527,0.41423104664209,0.35423615743829207,0.46819356915186316,high,escalation_prone,balanced
REP00108,0.29680915111378675,0.6621787025703794,0.5366699702675917,0.46974452592910176,0.4861918604651162,0.6823880028850776,0.36317545030020004,0.40529882229166897,medium,policy_confusion,balanced
REP00109,0.709512341962673,0.4375764993880049,0.9578790882061448,0.5979323496413861,0.7906976744186046,0.4834057941977882,0.7875917278185457,0.49266761492432976,medium,none,deescalation_strong
REP00110,0.3687537627934979,0.5235618115055081,0.43111992071357774,0.3573848769853896,0.5823643410852712,0.5330441577175827,0.40693795863909266,0.4445652261686815,medium,none,balanced
REP00111,0.6167971101745937,0.6872705018359854,0.6209117938553023,0.6007889603809279,0.4597868217054263,0.7415175709248276,0.2967311541027352,0.4848759824330078,medium,reactive_under_stress,balanced
REP00112,0.3133654425045154,0.5397796817625459,0.363230921704658,0.42798131513149673,0.6191860465116279,0.5354058142330502,0.5766511007338224,0.4558980588404263,medium,policy_confusion,balanced
REP00113,0.8434677904876579,0.7099143206854346,0.541625371655104,0.8605262856491226,0.6816860465116279,0.7012742426670939,0.3330220146764509,0.4369398271679282,medium,reactive_under_stress,policy_expert
REP00114,0.41450933172787474,0.5143818849449204,0.3354806739345887,0.40259516765605197,0.3875968992248061,0.6284290351017792,0.7770513675783856,0.5471978524617208,low,escalation_prone,balanced
REP00115,0.7492474413004213,0.6413708690330477,0.7353815659068385,0.7611690749375004,0.8888081395348837,0.7104508935726879,0.3611741160773848,0.4484616192134077,medium,none,balanced
REP00116,0.7483443708609271,0.556609547123623,0.6734390485629336,0.6970285405448831,0.6974321705426356,0.5434078979003044,0.16410940627084725,0.5262370897949249,medium,reactive_under_stress,balanced
REP00117,0.5586995785671284,0.5563035495716034,0.6932606541129831,0.5189417385529327,0.4844961240310077,0.6533088235294118,0.457638425617078,0.4238669070765171,medium,none,balanced
REP00118,0.5978326309452139,0.46175030599755207,0.7413280475718533,0.5403003794373161,0.7294089147286822,0.6655308342683124,0.4345563709139426,0.571028767276574,medium,none,balanced
REP00119,0.5346177001806142,0.06303549571603428,0.19028741328047571,0.35774171471672006,0.5857558139534884,0.44676630870331774,0.6129419613075383,0.49185444360231784,medium,discovery_gap|escalation_prone,balanced
REP00120,0.11709813365442502,0.21358629130966955,0.585232903865213,0.11024468303895772,0.5738856589147288,0.3351483611155633,0.44696464309539685,0.4502569639835128,high,discovery_gap|policy_confusion,balanced
REP00121,0.6697772426249247,0.6309669522643819,0.5916749256689792,0.6824210172319549,0.7139050387596899,0.7497054816476999,0.4516344229486323,0.5474466835784153,medium,none,balanced
REP00122,0.3491872366044553,0.3099755201958384,0.5227948463825569,0.33505681102348484,0.5515988372093024,0.37153540230806226,0.34663108739159443,0.4859803219230943,medium,discovery_gap|policy_confusion|reactive_under_stress,balanced
REP00123,0.6068633353401564,0.596389228886169,0.4063429137760157,0.5623233136584983,0.45639534883720934,0.6085936247796121,0.5719813208805871,0.49982522988326755,medium,none,balanced
REP00124,0.5963275135460566,0.4283965728274174,0.9410307234886026,0.4503556509004062,0.6361434108527132,0.5755329379708286,0.6595063375583722,0.5097327920650908,medium,none,deescalation_strong
REP00125,0.6736905478627334,0.7542839657282743,0.34786917740336964,0.7286291173281133,0.6276647286821706,0.4101889325212373,0.28792528352234825,0.37571964335360214,medium,escalation_prone|reactive_under_stress,thorough_probe
REP00126,0.5255869957856714,0.4657282741738066,0.8944499504459861,0.4619939390287606,0.9520348837209303,0.9190360033659241,0.8230820547031354,0.5564480944289285,low,none,accountability_driven|deescalation_strong
REP00127,0.34256472004816363,0.4556303549571604,0.5832507433102081,0.43913457948920454,0.8001453488372092,0.6189653790671581,0.6847231487658438,0.4085773481778341,low,policy_confusion,balanced
REP00128,0.6754966887417219,0.6946144430844553,0.8012884043607532,0.5989835249608801,0.5886627906976745,0.8412806539509536,0.5410273515677118,0.4344412489776237,medium,none,accountability_driven|deescalation_strong
REP00129,0.3853100541842262,0.5905752753977968,0.6769078295341922,0.4669864304557745,0.8798449612403101,0.42823719746754285,0.6768512341561039,0.455096769579156,medium,none,balanced
REP00130,0.5647200481637569,0.9354345165238678,0.8191278493557979,0.6895836248538663,0.8369670542635659,0.7314338235294118,0.3926617745163442,0.4215072221010944,medium,none,thorough_probe|deescalation_strong
REP00131,0.43558097531607465,0.6487148102815178,0.31764122893954405,0.40003476667650983,0.6499515503875968,0.3625796401666934,0.6751167444963309,0.49641680884763634,medium,escalation_prone,balanced
REP00132,0.8034316676700782,0.45134638922888615,0.6432111000991079,0.5989863052990589,0.7781007751937984,0.4612247555698029,0.32621747831887915,0.47776439603946685,high,reactive_under_stress,policy_expert
REP00133,0.49066827212522574,0.6269889840881273,0.46134786917740334,0.4778954815271841,0.659641472868217,0.8299632352941175,0.6920613742494997,0.43396585118814845,low,none,accountability_driven
REP00134,0.5752558699578567,0.3512851897184822,0.4222001982160555,0.349938384386152,0.30474806201550375,0.4390852901105946,0.5059372915276851,0.5236030791841293,medium,credit_leak_risk,balanced
REP00135,0.1905478627332931,0.8454712362301102,0.6788899900891971,0.45990034438015626,0.3299418604651162,0.6316987898701714,0.8162775183455637,0.3968798631371178,medium,policy_confusion|credit_leak_risk,thorough_probe
REP00136,0.3455749548464779,0.30966952264381886,0.14767096134786917,0.3372484644648711,0.3500484496124031,0.4611396057060426,0.29112741827885247,0.3743116768356342,high,discovery_gap|policy_confusion|escalation_prone,balanced
REP00137,0.7450331125827815,0.604345165238678,0.4380574826560951,0.7536855664926589,0.8234011627906976,0.7181975276486615,0.8585723815877251,0.4617877540944082,low,none,balanced
REP00138,0.49939795304033713,0.31487148102815177,0.6000991080277502,0.4777111077581062,0.4878875968992247,0.37184795239621726,0.2756504336224149,0.4643170179949772,medium,discovery_gap|reactive_under_stress,balanced
REP00139,0.11890427453341354,0.2698898408812729,0.23587710604558965,0.2825014893483168,0.46366279069767447,0.28753556259015856,0.2644429619746499,0.4310650133298265,high,discovery_gap|policy_confusion|escalation_prone,balanced
REP00140,0.5580975316074652,0.5315177478580171,0.7081268582755202,0.4833498410725498,0.6002906976744184,0.5165836872896297,0.6361574382921948,0.4966752148288118,medium,none,balanced
REP00141,0.6378687537627936,0.48929008567931465,0.8681863230921705,0.5341259952988217,0.6288759689922481,0.7648110674787626,0.6625750500333556,0.48034534113627114,low,none,accountability_driven|deescalation_strong
REP00142,0.7022877784467189,0.337515299877601,0.574826560951437,0.5296660838745862,0.809593023255814,0.7516008174386921,0.40813875917278175,0.6474192279429154,medium,discovery_gap,accountability_driven
REP00143,0.49066827212522574,0.7068543451652387,0.34737363726461845,0.5757725148880884,0.6354166666666666,0.55541553133515,0.4036024016010673,0.33636775785513806,medium,escalation_prone,balanced
REP00144,0.7049969897652018,0.5012239902080783,0.5014866204162536,0.6091844612459867,0.7546027131782946,0.940625,0.37731821214142747,0.5579583851010493,low,none,accountability_driven
REP00145,0.6568332329921734,0.3035495716034272,0.7452923686818632,0.4637902034825768,0.5070251937984496,0.40546211331944215,0.4182788525683788,0.5990755064584191,medium,discovery_gap,balanced
REP00146,0.3865141481035521,0.4440024479804161,0.6456888007928642,0.4798575703296916,0.5576550387596899,0.7751753085430356,0.6900600400266844,0.4127021536523494,low,none,accountability_driven
REP00147,0.22968091511137861,0.6383108935128519,0.4697720515361743,0.41095294721656606,0.22843992248062017,0.3664048725757333,0.5789192795196798,0.3920325591536281,medium,policy_confusion|credit_leak_risk,balanced
REP00148,0.5057194461167971,0.7454100367197063,0.37115956392467786,0.600805683907585,0.49224806201550386,0.43227580541753485,0.49899933288859233,0.47032461097787065,medium,none,balanced
REP00149,0.4154124021673689,0.7105263157894737,0.08225966303270549,0.5118142793853111,0.48691860465116277,0.42207785702836975,0.1407605070046698,0.3758082396900051,high,escalation_prone|reactive_under_stress,balanced
REP00150,0.5529801324503312,0.4427784577723377,0.3597621407333994,0.5174605652601807,0.6395348837209303,0.6814804055137039,0.5958639092728486,0.5856682736288622,low,none,balanced
REP00151,0.5433473810957257,0.5700734394124847,0.7140733399405352,0.5742653641072784,0.6354166666666666,0.5768778049366885,0.3641094062708472,0.47174584387433627,medium,none,balanced
REP00152,0.775737507525587,0.6701346389228886,0.39990089197224965,0.8156327460429148,0.6586724806201549,0.6668045760538548,0.5855903935957305,0.4747464679709248,low,none,policy_expert
REP00153,0.9683925346177004,0.8613831089351286,0.8498513379583746,0.8467548556738902,0.7044573643410853,0.5045890767751242,0.5032688458972647,0.4506910629599251,medium,none,thorough_probe|policy_expert|deescalation_strong
REP00154,0.5216736905478626,0.7934516523867808,0.72001982160555,0.5106300628090843,0.7051841085271318,0.741221549927873,0.41667778519012677,0.39916075736024437,medium,none,thorough_probe
REP00155,0.06652618904274536,0.6505507955936353,0.4395441030723488,0.35970367902647327,0.23473837209302317,0.34233200432761646,0.46030687124749825,0.3437128325102412,high,policy_confusion|credit_leak_risk,balanced
REP00156,0.18663455749548466,0.5094859241126072,0.39444995044598596,0.29375841467274916,0.4924903100775193,0.13584558823529405,0.31887925283522345,0.35478898959800576,high,policy_confusion|reactive_under_stress,balanced
REP00157,0.3654425045153522,0.746328029375765,0.4712586719524281,0.4336173096053463,0.8805717054263565,0.6933402788908479,0.5127418278852568,0.5857845563203912,medium,none,balanced
REP00158,0.9148103552077063,0.5859853121175029,0.4672943508424182,0.7569640416788461,0.6182170542635659,0.8604779411764705,0.5505003335557037,0.6205248179333751,low,none,policy_expert|accountability_driven
REP00159,0.5439494280553884,0.0,0.9048562933597621,0.2719747140276942,0.5106589147286822,0.5190014425388684,0.02214809873248824,0.5313807531380753,high,discovery_gap|reactive_under_stress,deescalation_strong
REP00160,0.5346177001806142,0.416156670746634,0.6238850346878096,0.5441216430321323,0.622093023255814,0.24809264305177112,0.3454302868579052,0.47883574262302836,high,reactive_under_stress,balanced
REP00161,0.5129440096327516,0.6891064871481027,0.354806739345887,0.5330090878050717,0.8863856589147286,0.39386370011219746,0.3503669112741826,0.48022721268773366,medium,none,balanced
REP00162,0.614990969295605,0.8840269277845777,0.5361744301288404,0.6798417763489328,0.469718992248062,0.6493929315595446,0.5921280853902602,0.39167044470054324,medium,none,thorough_probe
REP00163,0.5282962071041543,0.6459608323133414,0.5401387512388502,0.6497284730034143,0.4818313953488371,0.7650735294117647,0.6943295530353568,0.38736244784294466,low,none,accountability_driven
REP00164,0.7549668874172184,0.2873317013463893,0.9093161546085233,0.4654349187568584,0.5702519379844961,0.7793175989741945,0.24042695130086733,0.5458002683269252,medium,discovery_gap|reactive_under_stress,policy_expert|accountability_driven|deescalation_strong
REP00165,0.20860927152317874,0.6340269277845778,0.39742319127849346,0.3436208750778286,0.7955426356589147,0.5683823529411764,0.5118078719146097,0.4735150019668849,medium,policy_confusion,balanced
REP00166,0.586694762191451,0.5443696450428397,0.554013875123885,0.562853860279624,0.6647286821705426,0.45538497756050633,0.5247498332221481,0.4519719029639397,medium,none,balanced
REP00167,0.49187236604455165,0.4446144430844554,0.32210109018830513,0.5522499409489369,0.6826550387596899,0.4700738299406955,0.5195463642428284,0.35881873858658864,medium,escalation_prone,balanced
REP00168,0.36514148103552085,0.6557527539779682,0.6392467789890981,0.5310681212732057,0.40285852713178294,0.6807531255008814,0.312875250166778,0.3897174030660331,medium,reactive_under_stress,balanced
REP00169,0.8527995183624324,0.7135862913096696,0.7001982160555005,0.7295428526468903,0.5559593023255813,0.334155112998878,0.27871914609739823,0.5197299888216341,high,reactive_under_stress,policy_expert
REP00170,0.5776640577965082,0.4801101591187271,0.4167492566897918,0.4869296302216618,0.6027131782945736,0.8667895496073088,0.27645096731154095,0.5235202508383775,medium,reactive_under_stress,accountability_driven
REP00171,0.5222757375075258,0.6640146878824971,0.8835480673934588,0.5998475461731178,0.9767441860465116,0.4164534580862317,0.4516344229486323,0.3870922751608404,medium,none,deescalation_strong
REP00172,0.49066827212522574,0.7524479804161567,0.4117938553022794,0.5021579574025633,0.3657945736434107,0.5104959729123257,0.4631087391594395,0.5470813390505658,medium,none,thorough_probe
REP00173,0.6496086694762193,0.3454712362301101,0.6333002973240831,0.5263483104756338,0.8548934108527132,0.46096129187369755,0.46137424949966643,0.5050111149179849,medium,discovery_gap,balanced
REP00174,0.46327513546056587,0.22980416156670747,0.4370664023785926,0.33985372433353633,0.3878391472868217,0.5617847411444141,0.6041360907271514,0.4802078322391454,medium,discovery_gap,balanced
REP00175,0.5249849488260085,0.7114443084455324,0.17591674925668965,0.4818197421273688,0.5721899224806201,0.5299411965058503,0.4216144096064042,0.4852752427458865,medium,escalation_prone,balanced
REP00176,0.5439494280553884,0.804467564259486,0.40832507433102083,0.6405989213615788,0.9270833333333333,0.9818014705882352,0.9150100066711141,0.4575961552881517,low,none,thorough_probe|accountability_driven
REP00177,0.6499096929560507,0.8473072215422276,0.8557978196233895,0.6700058528193542,0.5801841085271318,0.6148877023561468,0.589593062041361,0.4210577802695499,medium,none,thorough_probe|deescalation_strong
REP00178,0.4698976520168572,0.322827417380661,0.6179385530227948,0.3623268243541689,0.538032945736434,0.6598443260137844,0.20520346897931951,0.5706694214590016,medium,discovery_gap|reactive_under_stress,balanced
REP00179,0.4819385912101143,0.934516523867809,0.42566897918731406,0.6539828053927604,0.6627906976744187,0.9419117647058822,0.5667778519012675,0.3904732405609717,low,none,thorough_probe|accountability_driven
REP00180,0.6158940397350992,0.42105263157894735,0.66005946481665,0.39107357073603594,0.6632751937984496,0.7086772719987178,0.5587725150100067,0.552577772701946,medium,none,balanced
REP00181,0.5195665261890429,0.6474908200734395,0.9801783944499505,0.48145406541048497,0.9316860465116279,0.8742682120532136,0.5514342895263509,0.5807001879211356,low,none,accountability_driven|deescalation_strong
REP00182,0.5228777844671885,0.5578335373317014,0.5475718533201188,0.4070137474858689,0.6782945736434107,0.5915416132393011,0.23749166110740483,0.5982187291270838,medium,reactive_under_stress,balanced
REP00183,0.3512944009632751,0.5266217870257038,0.34886025768087214,0.4211669137432863,0.5530523255813953,0.49294959128065396,0.3312875250166778,0.47512184880250735,medium,escalation_prone|reactive_under_stress,balanced
REP00184,0.9373871161950631,0.6655446756425949,0.7998017839444995,0.7983048070636192,0.7313468992248062,0.9538627985254046,0.5659773182121414,0.5429131582863531,low,none,policy_expert|accountability_driven|deescalation_strong
REP00185,0.3500903070439495,0.5979192166462668,0.08820614469772048,0.38623897761902465,0.3045058139534883,0.6716290671581984,0.409739826551034,0.34919669194200165,medium,escalation_prone|credit_leak_risk,balanced
REP00186,0.5412402167369055,0.4354345165238679,0.3364717542120912,0.5743146217403854,0.6451065891472868,0.6226844245872736,0.5387591727818546,0.5168075786782764,medium,escalation_prone,balanced
REP00187,0.32028898254063815,0.6765605875152999,0.7829534192269574,0.37533610968774395,0.35343992248062006,0.507688531815996,0.5467645096731153,0.4994527330470103,medium,policy_confusion,deescalation_strong
REP00188,0.48735701384708,0.8231334149326806,0.2779980178394449,0.74367850692354,0.8527131782945736,0.3949726518672865,0.6452301534356237,0.4357043235704323,medium,escalation_prone,thorough_probe
REP00189,0.5466586393738713,0.6820685434516525,0.5510406342913776,0.576748123105739,0.5557170542635659,0.26460520516108355,0.39973315543695787,0.4639452133175984,medium,none,balanced
REP00190,0.35189644792293784,0.7821297429620564,0.8503468780971258,0.5316140634982762,0.39123062015503873,0.757508214457445,0.6684456304202802,0.5002616360559404,medium,none,thorough_probe|accountability_driven|deescalation_strong
REP00191,0.5975316074653821,0.7074663402692778,0.6442021803766105,0.5397363027677061,0.43192829457364346,0.39684795239621734,0.3873248832555036,0.4823209932941341,high,none,balanced
REP00192,0.6998795906080674,0.6003671970624236,0.5926660059464816,0.6220655190426607,0.7390988372093024,0.8922794117647059,0.5914609739826551,0.5702731605012614,low,none,accountability_driven
REP00193,0.5325105358217941,0.43665850673194606,0.5366699702675917,0.49082102473471845,0.5055717054263567,0.16382332905914412,0.0,0.37194749282750356,high,reactive_under_stress,balanced
REP00194,0.5018061408789886,0.620563035495716,0.48959365708622393,0.5155846254436298,0.9898255813953488,0.9207720588235293,0.5027351567711806,0.6075639122204112,low,none,accountability_driven
REP00195,0.5310054184226368,0.5406976744186047,0.4762140733399405,0.558858099340902,0.778343023255814,0.8845588235294116,0.7874583055370247,0.5323070924366646,low,none,accountability_driven
REP00196,0.0,0.3274173806609548,0.18235877106045595,0.19354838709677413,0.7323158914728682,0.4362753446065075,0.29086057371581053,0.30645161290322587,high,discovery_gap|policy_confusion|escalation_prone,balanced
REP00197,0.5358217940999398,0.6591187270501836,0.7016848364717543,0.49785299795981264,0.7839147286821706,0.6512812550088155,0.6976651100733822,0.4823312603174933,medium,none,balanced
REP00198,0.5930162552679109,0.3479192166462669,0.4053518334985132,0.5336186873251604,0.5852713178294573,0.5120947868248115,0.3654436290860573,0.6048699145068426,medium,discovery_gap,balanced
REP00199,0.3862131246237207,0.4917380660954712,0.3627353815659068,0.4739171495740605,0.3754844961240309,0.4612528049366885,0.46324216144096064,0.3179341826122769,medium,none,balanced
REP00200,0.5355207706201084,0.33292533659730716,0.7081268582755202,0.47826493452428076,0.6584302325581395,0.7876838235294117,0.5086057371581054,0.4650881983450481,medium,discovery_gap,accountability_driven
REP00201,0.6571342564720049,0.7080783353733171,0.6585728444003964,0.6732045696476374,0.7175387596899223,0.5726163046962655,0.4350900600400266,0.4637307594251852,medium,none,balanced
REP00202,0.4136062612883806,0.7337821297429621,0.5916749256689792,0.635532107760264,0.6652131782945736,0.5230370451995512,0.5686457638425617,0.3633212320889471,medium,none,balanced
REP00203,0.5860927152317882,0.17533659730722162,0.6838453914767095,0.45116601573555226,0.7916666666666666,0.517674106427312,0.5162108072048031,0.461266673818975,medium,discovery_gap,balanced
REP00204,0.5358217940999398,0.6725826193390454,0.34291377601585726,0.5043321818583515,0.7880329457364341,0.5943996433723354,0.3436957971981319,0.4818492870186757,medium,escalation_prone|reactive_under_stress,balanced
REP00205,0.6351595424443107,0.4091187270501837,0.6774033696729435,0.4972048056858994,0.784156976744186,0.6292164209007853,0.5801200800533688,0.5704447005432294,low,none,balanced
REP00206,0.8494882600842865,0.8714810281517749,0.4375619425173438,0.8434096938689973,0.44670542635658916,0.6939157917935566,0.22294863242161445,0.25246414328611655,medium,reactive_under_stress,thorough_probe|policy_expert
REP00207,0.41330523780854916,0.514075887392901,0.6025768087215064,0.39868460125883753,0.8505329457364341,0.9523897058823529,0.8735156771180788,0.4599903328476686,low,none,accountability_driven
REP00208,0.8901264298615292,0.3310893512851898,0.7006937561942517,0.7355236505524905,0.7148740310077519,0.7658468905273281,0.42508338892595054,0.5596092993852475,medium,discovery_gap,policy_expert|accountability_driven
REP00209,0.5195665261890429,0.326499388004896,0.274033696729435,0.45443449000381286,0.6826550387596899,0.724860254047123,0.27778519012675107,0.4569526782510991,medium,discovery_gap|escalation_prone|reactive_under_stress,balanced
REP00210,0.6923540036122818,0.5468176254589964,0.5594648166501486,0.6188541454510265,0.7906976744186046,0.7507177632633433,0.49979986657771847,0.35716943933977274,medium,none,accountability_driven
REP00211,0.6231186032510536,0.47705018359853124,0.5877106045589692,0.5682452679889125,0.46899224806201545,0.5145941857669498,0.13675783855903945,0.49728892903410377,medium,reactive_under_stress,balanced
REP00212,0.5177603853100542,0.4883720930232558,0.9454905847373637,0.5489270633470591,0.7025193798449612,0.8056985294117647,0.4545697131420947,0.3869405770067127,low,none,accountability_driven|deescalation_strong
REP00213,0.7071041541240218,0.37607099143206857,0.34935579781962334,0.5724657798466813,0.7887596899224807,0.6042354543997436,0.38385590393595725,0.4405005231567522,medium,escalation_prone,balanced
REP00214,0.6113786875376279,0.6927784577723378,0.6823587710604558,0.7268362971738318,0.6778100775193798,0.2436848853983011,0.6551034022681788,0.467416505451328,medium,none,balanced
REP00215,0.5198675496688743,0.6799265605875153,0.39643211100099096,0.6390349603872356,0.7921511627906976,0.632841300689213,0.581454302868579,0.41336743369406354,medium,none,balanced
REP00216,0.5559903672486455,0.5602815177478581,0.4643211100099107,0.5810004221134322,0.5402131782945736,0.5380865322968423,0.33235490326884587,0.46728764854017935,medium,reactive_under_stress,balanced
REP00217,0.7715231788079471,0.44798041615667084,0.830029732408325,0.595163298805683,0.810562015503876,0.7758870612277609,0.4254836557705136,0.5989664914351107,medium,none,policy_expert|accountability_driven|deescalation_strong
REP00218,0.3868151715833835,0.9629742962056304,0.5619425173439048,0.5310144233985293,0.5782461240310077,0.38512982849815675,0.3913275517011341,0.3321281693666631,medium,none,thorough_probe
REP00219,0.6484045755568933,0.653610771113831,0.662041625371655,0.6488507575882069,0.6298449612403101,0.8444953117486778,0.5634422948632422,0.4796751006225969,low,none,accountability_driven
REP00220,0.4765201685731489,0.684516523867809,0.541625371655104,0.5491230564398693,0.5818798449612402,0.5226273240903991,0.5027351567711806,0.40364190929719335,medium,none,balanced
REP00221,0.8236002408187839,0.8124235006119951,0.8572844400396432,0.8537631752756726,0.719718992248062,0.7369485294117647,0.8821881254169446,0.5532949646595213,low,none,thorough_probe|policy_expert|deescalation_strong
REP00222,0.44431065623118604,0.8717870257037943,0.5555004955401387,0.6115956369107405,0.498546511627907,0.6504838515787786,0.4206804536357571,0.42576192272507574,medium,none,thorough_probe
REP00223,0.4437086092715233,0.5917992656058751,0.5822596630327056,0.5198967639685435,0.281734496124031,0.625162285622696,0.3670446964643095,0.4440774848792126,medium,credit_leak_risk,balanced
REP00224,0.47621914509331714,0.6609547123623012,0.498017839444995,0.5040318223398761,0.5712209302325582,0.537802031575573,0.733022014676451,0.4987918366781912,medium,none,balanced
REP00225,0.8431667670078266,0.8953488372093024,0.1357779980178394,0.9135877948631633,0.660125968992248,0.33024523160762936,0.16410940627084725,0.3396552818067192,medium,escalation_prone|reactive_under_stress,thorough_probe|policy_expert
REP00226,0.4346779048765805,0.6282129742962057,0.5327056491575817,0.4741627737782407,0.630329457364341,0.7083011099535181,0.5380920613742495,0.4986852442109561,medium,none,balanced
REP00227,0.8217940999397952,0.5820073439412485,0.6570862239841426,0.7268606562560844,0.5750968992248062,0.6562535061708608,0.43855903935957297,0.5126277465729484,medium,none,policy_expert
REP00228,0.7600842865743528,0.7255201958384332,0.5550049554013874,0.7366729676599363,0.7659883720930232,0.5465859913447668,0.1742494996664442,0.49469414075973656,medium,reactive_under_stress,policy_expert
REP00229,0.6628537025888019,0.42105263157894735,0.7948463825569871,0.6341563798303811,0.6378391472868217,0.7185506491424908,0.29886591060707135,0.5506874868057214,medium,reactive_under_stress,deescalation_strong
REP00230,0.5602046959662853,0.28121175030599765,0.39742319127849346,0.44387406014195163,0.8473837209302326,0.6274598292995671,0.4891260840560373,0.5012213143404938,medium,discovery_gap,balanced
REP00231,0.4271523178807946,0.43665850673194606,0.3097125867195243,0.41346587495914555,0.5687984496124031,0.6202987257573328,0.2980653769179453,0.5017839241486157,medium,escalation_prone|reactive_under_stress,balanced
REP00232,0.6773028296207105,0.4351285189718481,0.4717542120911793,0.6878380704486238,0.7870639534883721,0.9886029411764706,0.5862575050033356,0.499209439201341,low,none,accountability_driven
REP00233,0.6246237206502107,0.6646266829865362,0.848364717542121,0.622761267548706,0.6022286821705426,0.5410792995672382,0.5595730486991327,0.34812799863413985,medium,none,deescalation_strong
REP00234,0.35159542444310643,0.37209302325581406,0.42319127849355787,0.31365268878620717,0.412063953488372,0.7094305978522198,0.4635090060040026,0.3929678965176333,medium,none,balanced
REP00235,0.5885009030704393,0.4219706242350062,0.649653121902874,0.5382537600546571,0.840843023255814,0.6591911764705882,0.3551701134089392,0.4631096621918597,medium,none,balanced
REP00236,0.2131246237206503,0.6257649938800489,0.8543111992071357,0.3393993672780256,0.6005329457364341,0.3712308663247314,0.31941294196130754,0.32420618028662307,high,policy_confusion|reactive_under_stress,deescalation_strong
REP00237,0.5773630343166768,0.660342717258262,0.3032705649157581,0.6138814068743571,0.8839631782945736,0.5727315074531174,0.46511007338225474,0.5297512957790999,medium,escalation_prone,balanced
REP00238,0.6487055990367248,0.601591187270502,0.7561942517343905,0.6349400617185277,0.5884205426356589,0.6581543516589197,0.33475650433622417,0.42386183124474397,medium,reactive_under_stress,deescalation_strong
REP00239,0.5948223961468996,0.4504283965728274,0.6665014866204162,0.5331432079990082,0.36676356589147285,0.719183262542074,0.5959973315543695,0.4545050890981516,medium,none,balanced
REP00240,0.47501505117399156,0.443390452876377,0.684836471754212,0.46800104640309725,0.40600775193798444,0.7306319121654112,0.5199466310873915,0.4142763536608859,medium,none,balanced
REP00241,0.8747742323901265,0.822827417380661,0.7368681863230921,0.7723747092471724,0.8294573643410852,0.7649402949190574,0.4719146097398266,0.5009956705462171,medium,none,thorough_probe|policy_expert|accountability_driven
REP00242,0.46146899458157753,0.2447980416156671,0.4137760158572844,0.4482696503098127,0.25387596899224807,0.416799066356788,0.505003335557038,0.5040826991427613,high,discovery_gap|credit_leak_risk,balanced
REP00243,0.687537627934979,0.4638922888616891,0.7497522299306243,0.5273916427516085,0.5678294573643411,0.7496323529411765,0.5131420947298199,0.516377171215881,medium,none,balanced
REP00244,0.30042143287176415,0.6346389228886169,0.4900891972249751,0.4907125085505774,0.8146802325581395,0.429739842122135,0.6313542361574382,0.3840449303399769,medium,policy_confusion,balanced
REP00245,0.11137868753762786,0.7328641370869033,0.4400396432111,0.24510208156864846,0.7674418604651163,0.8794117647058823,0.39106070713809205,0.4942692705683663,medium,policy_confusion,accountability_driven
REP00246,0.7874774232390126,1.0,0.5495540138751238,0.7072209283275294,0.4643895348837209,0.7406049647379387,0.8501667778519013,0.45443968008416663,medium,none,thorough_probe|policy_expert
REP00247,0.6971703792895845,0.3880048959608323,0.5237859266600594,0.5544026696558206,0.9556686046511628,0.8555147058823529,0.8836557705136758,0.5135688519276049,low,none,accountability_driven
REP00248,0.74262492474413,0.41523867809057535,0.5163528245787907,0.5576923906874771,0.5767926356589147,0.4960320163487738,0.4532354903268846,0.5465349949760802,high,none,balanced
REP00249,0.394340758579169,0.5951652386780906,0.6010901883052526,0.38658311708941906,0.5753391472868217,0.8519859953518192,0.8128085390260174,0.6302525341666927,low,none,accountability_driven
REP00250,0.6152919927754364,0.7359241126070992,0.9301288404360754,0.6580733468150686,0.5343992248062016,0.6985940254848534,0.5977318212141427,0.3933662339520081,medium,none,deescalation_strong
